"","squadre","logo"
"1","Aalborg BK","<img style=margin:3px 0;margin-right:6px;padding:0 height=86 src=https://encrypted-tbn0.gstatic.com/images?q=tbn:ANd9GcR0blMmtPNCkql-FWCkGiDIt7rqNR8xxh-MCFGXShlRvs72DItQBSKxbjY  width=20 height=20>"
"2","Aberdeen","<img style=margin:3px 0;margin-right:6px;padding:0 height=84 src=https://encrypted-tbn0.gstatic.com/images?q=tbn:ANd9GcRWT-Qs0Yt53FCyPomyPAy1P5ujNEyjvEup2W-HGahWwqX8W6K4W8bhew  width=20 height=20>"
"3","Aberystwyth Town","<img style=margin:3px 0;margin-right:6px;padding:0 height=86 src=https://encrypted-tbn0.gstatic.com/images?q=tbn:ANd9GcTYMSrhkF-4wo4tEYHzz7rTnZCmo80VB_6t_dH82a880raH-fqC9GvZag  width=20 height=20>"
"4","AC Horsens","<img style=margin:3px 0;margin-right:6px;padding:0 height=85 src=https://encrypted-tbn0.gstatic.com/images?q=tbn:ANd9GcTtxaY1kVRXNdv6xxvAPpGB9i2g12BsO7fjB_3tdArgusO-SK5LFte0BnM  width=20 height=20>"
"5","Accrington Stanley","<img style=margin:3px 0;margin-right:6px;padding:0 height=86 src=https://encrypted-tbn0.gstatic.com/images?q=tbn:ANd9GcTor547JpfsDHSWd-NupC-mC1stmCCc22XANmVjJDvVKX4F239PQfar_g  width=20 height=20>"
"6","Adelaide United","<img style=margin:3px 0;margin-right:6px;padding:0 height=90 src=https://encrypted-tbn0.gstatic.com/images?q=tbn:ANd9GcQa5ey1cW7Q1r9_wA065cSHqmkTgZAOmCtupzufhPEVG5Y1WF1wwuaOHZo  width=20 height=20>"
"7","ADO Den Haag","<img style=margin:3px 0;margin-right:6px;padding:0 height=87 src=https://encrypted-tbn0.gstatic.com/images?q=tbn:ANd9GcSVoT3kX2OQTCcctdulhodxxpbPGRN9PZ5eWYyd-h1RnuCnMp_7O_uBszw  width=20 height=20>"
"8","AEK Athens","<img style=margin:3px 0;margin-right:6px;padding:0 height=85 src=https://encrypted-tbn0.gstatic.com/images?q=tbn:ANd9GcSA8YfD6Az52pVRM9_GR-Cv72ajidE-TEHxlS6jcjVKESUzzGl9ohM8Z0Q  width=20 height=20>"
"9","AFC Wimbledon","<img style=margin:3px 0;margin-right:6px;padding:0 height=86 src=https://encrypted-tbn0.gstatic.com/images?q=tbn:ANd9GcQyY5WK4KKVKNxIbQuWPPHtoVo9P5DU0rxadLaHCVT2ISxhDOW6WozY2A  width=20 height=20>"
"10","AGF Aarhus","<img style=margin:3px 0;margin-right:6px;padding:0 height=90 src=https://encrypted-tbn0.gstatic.com/images?q=tbn:ANd9GcSQyd5Av4HHL_QVqZlGUV26lrJIFFG0aaHlpp3Bw_D-Bj_oCYk97jFQDw  width=20 height=20>"
"11","Ajax","<img style=margin:3px 0;margin-right:6px;padding:0 height=84 src=https://encrypted-tbn0.gstatic.com/images?q=tbn:ANd9GcR8e7-wzreEV4VmPx4igw4EixSbAndwVa5fouj5yj-IVBm-cmDVE5gK6w  width=20 height=20>"
"12","Akhisarspor","<img style=margin:3px 0;margin-right:6px;padding:0 height=61 src=https://encrypted-tbn0.gstatic.com/images?q=tbn:ANd9GcRlsdHEhEbFXM8xGSwgRpHj1b0MoEpUGrrx7MK4Kiw8FaElpebhqCVeMA  width=20 height=20>"
"13","Alanyaspor","<img style=margin:3px 0;margin-right:6px;padding:0 height=90 src=https://encrypted-tbn0.gstatic.com/images?q=tbn:ANd9GcSumXnrSuBpX0YXwiGt6Aq1uFjWKg01sH9S1sKhXlqTqSr5ajcAM1V81-g  width=20 height=20>"
"14","Alavés","<img style=margin:3px 0;margin-right:6px;padding:0 height=69 src=https://encrypted-tbn0.gstatic.com/images?q=tbn:ANd9GcS7DhwaStHLRCOoyHBtYGR-U34pQOniW5dMGMPllUJi0tRcsdnM6rDWPA  width=20 height=20>"
"15","Amiens","<img style=margin:3px 0;margin-right:6px;padding:0 height=89 src=https://encrypted-tbn0.gstatic.com/images?q=tbn:ANd9GcSmPskCkUfC1fkBmv7xttjuZWNo4DKpUlKXydOtHUGBsCLdmyKGQbXjyhw  width=20 height=20>"
"16","Angers","<img style=margin:3px 0;margin-right:6px;padding:0 height=82 src=https://encrypted-tbn0.gstatic.com/images?q=tbn:ANd9GcSGP1ZIi0mF4LbjVSCuaro0jIu7-17XKrXwPeWn11SyWudHJbtR_T6vSgQ  width=20 height=20>"
"17","Ankaragücü","<img style=margin:3px 0;margin-right:6px;padding:0 height=90 src=https://encrypted-tbn0.gstatic.com/images?q=tbn:ANd9GcT2pqyPVobPeQPpSEwplfEm4dJSWzYG5yA4hOY5jnY8Q4MdSbswzJ9AQt0  width=20 height=20>"
"18","Antalyaspor","<img style=margin:3px 0;margin-right:6px;padding:0 height=85 src=https://encrypted-tbn0.gstatic.com/images?q=tbn:ANd9GcQz75WmyPL4vMm98mEPBD-inF0JaJYvZItEe6tCST9X6wm7AagNownZdw  width=20 height=20>"
"19","Apollon Smyrnis","<img style=margin:3px 0;margin-right:6px;padding:0 height=86 src=https://encrypted-tbn0.gstatic.com/images?q=tbn:ANd9GcTphPbuGu1Qh6o3XH7jionWOjSA7AkJHf-BjVp_M3ilMkIB7jgoxJtQJw  width=20 height=20>"
"20","Aris","<img style=margin:3px 0;margin-right:6px;padding:0 height=90 src=https://encrypted-tbn0.gstatic.com/images?q=tbn:ANd9GcTdvgpXYFuvNkKpXrDNKGJMoO13-238gNERpFUKAIZqI5btAnsFbMRRdA  width=20 height=20>"
"21","Arka Gdynia","<img style=margin:3px 0;margin-right:6px;padding:0 height=90 src=https://encrypted-tbn0.gstatic.com/images?q=tbn:ANd9GcRpVJFOdxZLVUx7pEh19pbNqw1oWjUg3gViGGk98kcEqiYY2-cNM2J6rQ  width=20 height=20>"
"22","Arsenal","<img style=margin:3px 0;margin-right:6px;padding:0 height=85 src=https://encrypted-tbn0.gstatic.com/images?q=tbn:ANd9GcTq1hidgzkJfdx3BCwtTMuJ5jpIELSsQ9NAMS_CAkh4m5RWiPgIcJotZBg  width=20 height=20>"
"23","Ascoli","<img style=margin:3px 0;margin-right:6px;padding:0 height=90 src=https://encrypted-tbn0.gstatic.com/images?q=tbn:ANd9GcRXCciMkK6hwU4Hro24j2iKfdpLgeqGll8LL0A5gcVgWtoZA7jmLHoOig  width=20 height=20>"
"24","Asteras Tripolis","<img style=margin:3px 0;margin-right:6px;padding:0 height=86 src=https://encrypted-tbn0.gstatic.com/images?q=tbn:ANd9GcQLHj6QoNdWlJ1enUWBYvimTZ43LiyGCUpgIT3JtjxCrTa_0IM2RsbWQA  width=20 height=20>"
"25","Aston Villa","<img style=margin:3px 0;margin-right:6px;padding:0 height=86 src=https://encrypted-tbn0.gstatic.com/images?q=tbn:ANd9GcQIE5xJYMH7HVzyw5soks0IDwas9Ku1TzYgKYZ3MS1vdBpizrfJ8Ku8jRY  width=20 height=20>"
"26","Atalanta","<img style=margin:3px 0;margin-right:6px;padding:0 height=85 src=https://encrypted-tbn0.gstatic.com/images?q=tbn:ANd9GcTZbLsibU1kSdCPUcNRcQ--w6ueqwPc-vK5te8WIDigdn8NRmU-XXX-VA  width=20 height=20>"
"27","Athletic Club","<img style=margin:3px 0;margin-right:6px;padding:0 height=86 src=https://encrypted-tbn0.gstatic.com/images?q=tbn:ANd9GcT_vVy6SbtT8eIt7Jm_lSI14QVGocf4DDC6Ygm9grVq1xQ4d43UZ9r8KS4  width=20 height=20>"
"28","Atlético de Madrid","<img style=margin:3px 0;margin-right:6px;padding:0 height=86 src=https://encrypted-tbn0.gstatic.com/images?q=tbn:ANd9GcTdEEh-4GUc1BnQwz9FZx4OBC23l2bKW9hDrhZXaKsFZsHiLGZZeTvKbw  width=20 height=20>"
"29","Atromitos Athens","<img style=margin:3px 0;margin-right:6px;padding:0 height=90 src=https://encrypted-tbn0.gstatic.com/images?q=tbn:ANd9GcQrhLTq4NeErjuR6VMk_g6x8frO3TrHN7aHC4IIL5qAX4GKNIS2VVx2ZJY  width=20 height=20>"
"30","AZ","<img style=margin:3px 0;margin-right:6px;padding:0 height=56 src=https://encrypted-tbn0.gstatic.com/images?q=tbn:ANd9GcQUZjdmkqLtEEccdynBBwwNZpHzwatcuTSTCXN7rGzifreA_xwgYGB0XQ  width=20 height=20>"
"31","Bala Town","<img style=margin:3px 0;margin-right:6px;padding:0 height=86 src=https://encrypted-tbn0.gstatic.com/images?q=tbn:ANd9GcTdhipdoan1moCHIW0lePES2e2p94QooQ4awY5fKj3cMVwkKg1jSJy-PZw  width=20 height=20>"
"32","Barcelona","<img style=margin:3px 0;margin-right:6px;padding:0 height=84 src=https://encrypted-tbn0.gstatic.com/images?q=tbn:ANd9GcQpP9rIU421FRAxUF14_B47ozmVCb_7xr08nuS3bqer7kVmGI3UMqADUCE  width=20 height=20>"
"33","Barnsley","<img style=margin:3px 0;margin-right:6px;padding:0 height=86 src=https://encrypted-tbn0.gstatic.com/images?q=tbn:ANd9GcRreNNcNha-MqIxIV_h8aZJYb4hJaS98xXC9a8AmEX9C_9H8ePh5762gw  width=20 height=20>"
"34","Barry Town","<img style=margin:3px 0;margin-right:6px;padding:0 height=84 src=https://encrypted-tbn0.gstatic.com/images?q=tbn:ANd9GcSUEtOlBE2mV_psmbzjFlRcxwM5OteMcJ0GBZrv7cizvzdKnOMTBMDp4hg  width=20 height=20>"
"35","Basel","<img style=margin:3px 0;margin-right:6px;padding:0 height=89 src=https://encrypted-tbn0.gstatic.com/images?q=tbn:ANd9GcRUJ2r4fDJwrD8K3XGaYR3EsjgQ2BSd0YYnPDg2hORRs-DdzDhcii-v5lM  width=20 height=20>"
"36","Bayer 04 Leverkusen","<img style=margin:3px 0;margin-right:6px;padding:0 height=90 src=https://encrypted-tbn0.gstatic.com/images?q=tbn:ANd9GcTPNkZxGzOfKjdPDfii7mCzV9FB-TyuNAQD3peNZxymBQmFqiA8BJjfcA  width=20 height=20>"
"37","BB Erzurumspor","<img style=margin:3px 0;margin-right:6px;padding:0 height=86 src=https://encrypted-tbn0.gstatic.com/images?q=tbn:ANd9GcRd5F78T0zSE2AmknQFYhbWYGaQWokkIsrGlQ9czc48vNqdV2XNFe9yi1w  width=20 height=20>"
"38","Belenenses","<img style=margin:3px 0;margin-right:6px;padding:0 height=84 src=https://encrypted-tbn0.gstatic.com/images?q=tbn:ANd9GcRcD2B5ddl9wKW_mJ8gXtK0eIYXTNHRILTVIGPrhzMhkoHxbpeBq29smw  width=20 height=20>"
"39","Benevento","<img style=margin:3px 0;margin-right:6px;padding:0 height=84 src=https://encrypted-tbn0.gstatic.com/images?q=tbn:ANd9GcQ97_en2cr53it_6B8KuNBXc0k5iwU_uzQDccP1I9vX-I9YSSGGMWtVRw  width=20 height=20>"
"40","Benfica","<img style=margin:3px 0;margin-right:6px;padding:0 height=86 src=https://encrypted-tbn0.gstatic.com/images?q=tbn:ANd9GcTUyvOVzhLxXRxLMjPDLJDvV5GJJoC56Pb0SnyE1HgzG3LNS91dBB2nSg  width=20 height=20>"
"41","Besiktas","<img style=margin:3px 0;margin-right:6px;padding:0 height=89 src=https://encrypted-tbn0.gstatic.com/images?q=tbn:ANd9GcSsY8z-17vDKoA4a6AASQL-kT3vXqUGqM00ERqXixmjKTBaDNgC2KoX1NI  width=20 height=20>"
"42","Birmingham City","<img style=margin:3px 0;margin-right:6px;padding:0 height=86 src=https://encrypted-tbn0.gstatic.com/images?q=tbn:ANd9GcRcgxJi-J4KL9ROCzlW99rU5FfGV2t9EPmjDx2zEF1LioegTStT0k8giMs  width=20 height=20>"
"43","Blackburn Rovers","<img style=margin:3px 0;margin-right:6px;padding:0 height=86 src=https://encrypted-tbn0.gstatic.com/images?q=tbn:ANd9GcSOYTLUVfJnT7SY0f2wPFUT9AS-xcd_1_znxgJNI8veYwCJ9X_YZ27z9wc  width=20 height=20>"
"44","Blackpool","<img style=margin:3px 0;margin-right:6px;padding:0 height=86 src=https://encrypted-tbn0.gstatic.com/images?q=tbn:ANd9GcSLwIH9rx24izxL4LrfhfBT1F19gsjIaHnOZmJTz1l-WG8Y-zAR53t6XQ  width=20 height=20>"
"45","Boavista","<img style=margin:3px 0;margin-right:6px;padding:0 height=86 src=https://encrypted-tbn0.gstatic.com/images?q=tbn:ANd9GcS2TL3oUhCwy6lNXZIsqTvqtIMrOxl9b_3shTyu3G0KU30iOVwI6p_ijso  width=20 height=20>"
"46","Bologna","<img style=margin:3px 0;margin-right:6px;padding:0 height=90 src=https://encrypted-tbn0.gstatic.com/images?q=tbn:ANd9GcS9F7ZDgspPxh5-iNGnTDBSX0vjKMtG86JTaynCrmmLAnP2RaMzr4IRRA  width=20 height=20>"
"47","Bolton Wanderers","<img style=margin:3px 0;margin-right:6px;padding:0 height=86 src=https://encrypted-tbn0.gstatic.com/images?q=tbn:ANd9GcQEPCme74JJYPFUdqVHGrDrqkgrNhWJ68ZndQS-yxUVV4yTonujb9a9qDg  width=20 height=20>"
"48","Bordeaux","<img style=margin:3px 0;margin-right:6px;padding:0 height=87 src=https://encrypted-tbn0.gstatic.com/images?q=tbn:ANd9GcT66Fgoh4JmLGlyccowMWWR-QX9MxE3efbFE0LfQf8AP_bC8qx1b11oGwI  width=20 height=20>"
"49","Borussia Dortmund","<img style=margin:3px 0;margin-right:6px;padding:0 height=86 src=https://encrypted-tbn0.gstatic.com/images?q=tbn:ANd9GcS661SBuJloufvALq0qpEE6XqOWO97PjRe88QqTk7-2kFjhddi5F0ignQ  width=20 height=20>"
"50","Borussia Mönchengladbach","<img style=margin:3px 0;margin-right:6px;padding:0 height=86 src=https://encrypted-tbn0.gstatic.com/images?q=tbn:ANd9GcS04QUtVXGputu0FVxKiwP0aVqIRUa0-V2zxf_pjOC-h-8muWgZ-KpLMnA  width=20 height=20>"
"51","Bournemouth","<img style=margin:3px 0;margin-right:6px;padding:0 height=83 src=https://encrypted-tbn0.gstatic.com/images?q=tbn:ANd9GcSsCX1WrjdsKAZURT-e5U4P2BMmw37oSIB27Xuk6Mg_vAkUfLi1KHYBbA  width=20 height=20>"
"52","Bradford City","<img style=margin:3px 0;margin-right:6px;padding:0 height=86 src=https://encrypted-tbn0.gstatic.com/images?q=tbn:ANd9GcRU4tXWqtn1MDrOWxQmbpRKwJ6c-bvNd8LMH_sGr4vU7YzM4SOOgJcj0g  width=20 height=20>"
"53","Brentford","<img style=margin:3px 0;margin-right:6px;padding:0 height=86 src=https://encrypted-tbn0.gstatic.com/images?q=tbn:ANd9GcRhVzaj92z-Tem2ik8nB5W1viU32Vpc_wyHPnwsIH6WWf2C2nt-hVACb_g  width=20 height=20>"
"54","Brescia","<img style=margin:3px 0;margin-right:6px;padding:0 height=88 src=https://encrypted-tbn0.gstatic.com/images?q=tbn:ANd9GcTbLJgYPtMhZCscWs8TLaaL2Fzv2frfy0-bvnrxYD8YJCj7_CEc2jrr3p8  width=20 height=20>"
"55","Brighton and Hove Albion","<img style=margin:3px 0;margin-right:6px;padding:0 height=85 src=https://encrypted-tbn0.gstatic.com/images?q=tbn:ANd9GcQ7G08ruktvY1j4v3b6lucgaUCD61hbTtEctJd1eAMSked-DGlml-kPYw  width=20 height=20>"
"56","Brisbane Roar FC","<img style=margin:3px 0;margin-right:6px;padding:0 height=90 src=https://encrypted-tbn0.gstatic.com/images?q=tbn:ANd9GcSZXaBS5_LZz21dN2K2LousfdRLExvXOvPrN2PDbwIXNAlapx9U4Odo2wA  width=20 height=20>"
"57","Bristol City","<img style=margin:3px 0;margin-right:6px;padding:0 height=87 src=https://encrypted-tbn0.gstatic.com/images?q=tbn:ANd9GcTpljcfkFSac6DD8coYCzpJkUmqINPIOU4u2vEkrn6d8ulViLxN8PAGag  width=20 height=20>"
"58","Bristol Rovers","<img style=margin:3px 0;margin-right:6px;padding:0 height=86 src=https://encrypted-tbn0.gstatic.com/images?q=tbn:ANd9GcRz0ySgy0P1vI6JxYHmPB01IwhGZOpgcNwnzBrN_6Np6lvQyIPmj_uE8g  width=20 height=20>"
"59","Brøndby IF","<img style=margin:3px 0;margin-right:6px;padding:0 height=86 src=https://encrypted-tbn0.gstatic.com/images?q=tbn:ANd9GcS0kxhXb0hCQDZ7sFfSQnmWbq7yj76LcPYBU_yO_Vvj_BtM8jdZmUlgaQ  width=20 height=20>"
"60","Burnley","<img style=margin:3px 0;margin-right:6px;padding:0 height=90 src=https://encrypted-tbn0.gstatic.com/images?q=tbn:ANd9GcQ5Vr_cygidgbomMTGQXIk8V4TT825nlTb8QX3e86I5QbTC4d8P5VR5bg  width=20 height=20>"
"61","Bursaspor","<img style=margin:3px 0;margin-right:6px;padding:0 height=86 src=https://encrypted-tbn0.gstatic.com/images?q=tbn:ANd9GcQPCFKQcGn3tI8wkj20nLgxrwQhe8l-K3VIn8jaG3gnhx6KELEiJvTd4gk  width=20 height=20>"
"62","Burton Albion","<img style=margin:3px 0;margin-right:6px;padding:0 height=86 src=https://encrypted-tbn0.gstatic.com/images?q=tbn:ANd9GcQ5Q6EgkBq1PgTlfr70VJXCPQYYHRJQLHKysTypr-NgXd0FT8LW6BYtwA  width=20 height=20>"
"63","Caen","<img style=margin:3px 0;margin-right:6px;padding:0 height=86 src=https://encrypted-tbn0.gstatic.com/images?q=tbn:ANd9GcSDW6uvcIJWqAXK-N5skFhhyN2aWreAA1X96gEDngYCm3PmMkqITG37xv0  width=20 height=20>"
"64","Caernarfon Town","<img style=margin:3px 0;margin-right:6px;padding:0 height=84 src=https://encrypted-tbn0.gstatic.com/images?q=tbn:ANd9GcTL9d0BoHA66iIdnRrNY6cKazKtqFfaoEnq-hKBpdrvsh3rsgsWAnfN1hA  width=20 height=20>"
"65","Cagliari","<img style=margin:3px 0;margin-right:6px;padding:0 height=86 src=https://encrypted-tbn0.gstatic.com/images?q=tbn:ANd9GcTkm70C03ZuNxqToeG4mDqLjjQtG0ovURcjoCkd1XwNZbYVqZCTXpdbMg  width=20 height=20>"
"66","Cardiff City","<img style=margin:3px 0;margin-right:6px;padding:0 height=86 src=https://encrypted-tbn0.gstatic.com/images?q=tbn:ANd9GcTd_Bb6C6wJQuG7sYHR818-s1pZmlS1XNaOgIRRla29C52eYSU1A1rvoOw  width=20 height=20>"
"67","Cardiff MU","<img style=margin:3px 0;margin-right:6px;padding:0 height=90 src=https://encrypted-tbn0.gstatic.com/images?q=tbn:ANd9GcTk75yggdI2p2n-D0MO_VTlaETGpUqhNFLDo72g8MDgNLet4eP4412PTjI  width=20 height=20>"
"68","Carmarthen Town","<img style=margin:3px 0;margin-right:6px;padding:0 height=87 src=https://encrypted-tbn0.gstatic.com/images?q=tbn:ANd9GcRR2MrGO_bhTOxXP9qRrI8okqpJdmGEyHVBUdFx8i-8BWiHxhcsyrNDMQ  width=20 height=20>"
"69","Carpi","<img style=margin:3px 0;margin-right:6px;padding:0 height=86 src=https://encrypted-tbn0.gstatic.com/images?q=tbn:ANd9GcQQ9sCUOLBAHCP74Lz9qYkX2P20mZzEU67dVK98u8YvjsKplfT3t-ztUQ  width=20 height=20>"
"70","CASHPOINT SCR Altach","<img style=margin:3px 0;margin-right:6px;padding:0 height=90 src=https://encrypted-tbn0.gstatic.com/images?q=tbn:ANd9GcRFcBCEK0mf6y7a8V3SVeNHwprs5wij3ziFARbDWpNkdFcAWUmTZ7DWgJg  width=20 height=20>"
"71","Çaykur Rizespor","<img style=margin:3px 0;margin-right:6px;padding:0 height=87 src=https://encrypted-tbn0.gstatic.com/images?q=tbn:ANd9GcTZDBuZ7WCvXXoiKkJM1iIR7on17yr9ewVmkmaBLmBsmREQmz5QgrvZalo  width=20 height=20>"
"72","CD Nacional","<img style=margin:3px 0;margin-right:6px;padding:0 height=88 src=https://encrypted-tbn0.gstatic.com/images?q=tbn:ANd9GcSYAUk1Dh7dzU7cnLtXq3i1ExeeOUvCXcjdiy4qWokpfY2nQX_MOXnQJA  width=20 height=20>"
"73","Cefn Druids","<img style=margin:3px 0;margin-right:6px;padding:0 height=89 src=https://encrypted-tbn0.gstatic.com/images?q=tbn:ANd9GcTH1qOVHj4rTdIIgaESNQyhVgz7QXklP-6r7DVKnUD16E6HQ8k3pOHxgg  width=20 height=20>"
"74","Celta de Vigo","<img style=margin:3px 0;margin-right:6px;padding:0 height=85 src=https://encrypted-tbn0.gstatic.com/images?q=tbn:ANd9GcSX-rfDNJEE8hx4yzYYaaLzGX0nNu7RPeenPGDh6hi0i3L8tSFbpwZpHw  width=20 height=20>"
"75","Celtic","<img style=margin:3px 0;margin-right:6px;padding:0 height=80 src=https://encrypted-tbn0.gstatic.com/images?q=tbn:ANd9GcRB-5eKWGmj5KYwN6Y2RFGCiG76KUUjhlYvYpu5FXZ1_HGaqQFiFGNvcQ  width=20 height=20>"
"76","Central Coast Mariners","<img style=margin:3px 0;margin-right:6px;padding:0 height=87 src=https://encrypted-tbn0.gstatic.com/images?q=tbn:ANd9GcT3iaG72kFbB1mA7s2ro8ONF2JyuanghkrgGEDSmy0PJv_pkBHbnHVgReo  width=20 height=20>"
"77","Cercle Brugge","<img style=margin:3px 0;margin-right:6px;padding:0 height=86 src=https://encrypted-tbn0.gstatic.com/images?q=tbn:ANd9GcRzMMTPyGnAYS3oEug57X6vsTRqeLJgxbmzuaX1ZaUTVWltEvXU1q6Lmuo  width=20 height=20>"
"78","Cerezo Osaka","<img style=margin:3px 0;margin-right:6px;padding:0 height=90 src=https://encrypted-tbn0.gstatic.com/images?q=tbn:ANd9GcSmUgsdVYXtg2f6Fl-cQjhx0zc7CA0pW3P7yCRG-KN69Kt5fh32o-xGOTI  width=20 height=20>"
"79","Charlton Athletic","<img style=margin:3px 0;margin-right:6px;padding:0 height=81 src=https://encrypted-tbn0.gstatic.com/images?q=tbn:ANd9GcRj1dRw1M7r48frsLGtvGNa-5DJSksXG2COKlnq7lU4blvbO46UZpKpCA  width=20 height=20>"
"80","Chelsea","<img style=margin:3px 0;margin-right:6px;padding:0 height=84 src=https://encrypted-tbn0.gstatic.com/images?q=tbn:ANd9GcQJLzV8BxJaahGhoOOiRuHkdYRDZW57dJMLqFdVnZY1G3ykgPVSHk20gQ  width=20 height=20>"
"81","Chievo","<img style=margin:3px 0;margin-right:6px;padding:0 height=83 src=https://encrypted-tbn0.gstatic.com/images?q=tbn:ANd9GcTtQlXS4roH2EQWx4kqL8rv0jaP9KquI5OhQ0F7KYbpxfRRmYCMpM0rZg  width=20 height=20>"
"82","Cittadella","<img style=margin:3px 0;margin-right:6px;padding:0 height=86 src=https://encrypted-tbn0.gstatic.com/images?q=tbn:ANd9GcT7iONgw61imxMa66VVjUAQmbgBrTyaiuF6oqppplEdLr595rdvKWl-xA  width=20 height=20>"
"83","Club Brugge","<img style=margin:3px 0;margin-right:6px;padding:0 height=90 src=https://encrypted-tbn0.gstatic.com/images?q=tbn:ANd9GcSBke7iL6X7NuD39QJ-5WWKOZFi4KieXU4Lz0hWW9givBYV1TsIXW4Rjg  width=20 height=20>"
"84","Connah's Quay Nomads","<img style=margin:3px 0;margin-right:6px;padding:0 height=83 src=https://encrypted-tbn0.gstatic.com/images?q=tbn:ANd9GcTEP3kp-ZV3eE-bXxrmx1M5MgPzA0e5WFrP6gkMXdEC57HDIncmLmUY8g  width=20 height=20>"
"85","Consadole Sapporo","<img style=margin:3px 0;margin-right:6px;padding:0 height=76 src=https://encrypted-tbn0.gstatic.com/images?q=tbn:ANd9GcSnQoET3XNCmOGVErvqBHOLxisSB09FQDihLBiNSPPdn2RUJFEc0oK0wdE  width=20 height=20>"
"86","Cosenza","<img style=margin:3px 0;margin-right:6px;padding:0 height=85 src=https://encrypted-tbn0.gstatic.com/images?q=tbn:ANd9GcRu08wJdUinElnPbwnSH3FxLXCQZTVF1QzDo-ODO4bXTTod9Ero_hIjxA  width=20 height=20>"
"87","Coventry City","<img style=margin:3px 0;margin-right:6px;padding:0 height=85 src=https://encrypted-tbn0.gstatic.com/images?q=tbn:ANd9GcR6SxPXlCZRc4k4a9qAXzTsL9QPZA-dDtPtfpN4-WoJQGqxipRmLiY4vA  width=20 height=20>"
"88","Cracovia","<img style=margin:3px 0;margin-right:6px;padding:0 height=83 src=https://encrypted-tbn0.gstatic.com/images?q=tbn:ANd9GcTzP45_taHRfrngV2m25No7039iVaDYciY-QJyrvB8Upq7KwGE1ouIZBVk  width=20 height=20>"
"89","Cremonese","<img style=margin:3px 0;margin-right:6px;padding:0 height=89 src=https://encrypted-tbn0.gstatic.com/images?q=tbn:ANd9GcRZW9869_lvmApUwSS8ClRO-clDMzCcA4kd58jct_chGPppDmY2_PeRm80  width=20 height=20>"
"90","Crotone","<img style=margin:3px 0;margin-right:6px;padding:0 height=87 src=https://encrypted-tbn0.gstatic.com/images?q=tbn:ANd9GcTOO6F8pKrPIDZO6YvlSkLwFm2h9iI1IE7fTE4wlmb1u16F96sx7212mZg  width=20 height=20>"
"91","Crystal Palace","<img style=margin:3px 0;margin-right:6px;padding:0 height=86 src=https://encrypted-tbn0.gstatic.com/images?q=tbn:ANd9GcQTjt9klmMeFwNNUDO3KlW9YBuUzstJOdL0s64ZNwH4cuVraDaRpyTVzyY  width=20 height=20>"
"92","De Graafschap","<img style=margin:3px 0;margin-right:6px;padding:0 height=87 src=https://encrypted-tbn0.gstatic.com/images?q=tbn:ANd9GcS3ixLdA0-qmox7w40qwF5aoMDVOQESn5swJa498R2datPFuOgQcLKfrg  width=20 height=20>"
"93","Derby County","<img style=margin:3px 0;margin-right:6px;padding:0 height=86 src=https://encrypted-tbn0.gstatic.com/images?q=tbn:ANd9GcTWwHaPPUFPefUlI5ipSsf_8fFe0mICyjEUyNDfVobxD4MQYbG_mzRyLw  width=20 height=20>"
"94","Desportivo Aves","<img style=margin:3px 0;margin-right:6px;padding:0 height=80 src=https://encrypted-tbn0.gstatic.com/images?q=tbn:ANd9GcTm6oNMEA_crFJHG09jwiWgsZjD9LQ5AwGIxeh_elgFB7Nv9oTaMD6nvDE  width=20 height=20>"
"95","Dijon","<img style=margin:3px 0;margin-right:6px;padding:0 height=90 src=https://encrypted-tbn0.gstatic.com/images?q=tbn:ANd9GcQUgxV4l5a0IYWBSPoJ1g2tTYMBTr50klsFH4jTszmDtu7XuO72ERmAga0  width=20 height=20>"
"96","Doncaster Rovers","<img style=margin:3px 0;margin-right:6px;padding:0 height=81 src=https://encrypted-tbn0.gstatic.com/images?q=tbn:ANd9GcS2DpDDiYRsxqZRKR8308Evfapuyfn2OuS-s8XImBB4dWJgmHaqMN_SFQ  width=20 height=20>"
"97","Dundee","<img style=margin:3px 0;margin-right:6px;padding:0 height=82 src=https://encrypted-tbn0.gstatic.com/images?q=tbn:ANd9GcTBARCqMS7UsHVBqumxi_gZoSlvIg7KdNB6l-uqN_Bh9CsX_EcBN_laYkk  width=20 height=20>"
"98","Eibar","<img style=margin:3px 0;margin-right:6px;padding:0 height=89 src=https://encrypted-tbn0.gstatic.com/images?q=tbn:ANd9GcTagp3k9f-pwVU6lM9eZvb_VO9gyG_oTftYrJGE-Oeuny9eF8a0Z4jQuQ  width=20 height=20>"
"99","Eintracht Frankfurt","<img style=margin:3px 0;margin-right:6px;padding:0 height=81 src=https://encrypted-tbn0.gstatic.com/images?q=tbn:ANd9GcSEuFDj-0OnhfJBT2D2gMZjWSt2-Ml1n1qKkBnMIAwy79tz2ZCeWsEE5VU  width=20 height=20>"
"100","Empoli","<img style=margin:3px 0;margin-right:6px;padding:0 height=86 src=https://encrypted-tbn0.gstatic.com/images?q=tbn:ANd9GcSrhLRyc62JGdZFr-phCAIgFuHBuB37cUGPGo9gNxVgUzDiG8AAeBfpkA  width=20 height=20>"
"101","Esbjerg fB","<img style=margin:3px 0;margin-right:6px;padding:0 height=87 src=https://encrypted-tbn0.gstatic.com/images?q=tbn:ANd9GcToH7duc7Newj3Y1To3bVFW4BMFKVFn7orR5xs-KlEN9XYboekXGsJK2w  width=20 height=20>"
"102","Espanyol","<img style=margin:3px 0;margin-right:6px;padding:0 height=87 src=https://encrypted-tbn0.gstatic.com/images?q=tbn:ANd9GcSjZNq2QopFHv_Jr9pdK8jWiIu0mSbDPHggahP98acVZ7rNk--AUTcO4w  width=20 height=20>"
"103","Everton","<img style=margin:3px 0;margin-right:6px;padding:0 height=80 src=https://encrypted-tbn0.gstatic.com/images?q=tbn:ANd9GcTNMJY89nmJ8RO0cus2xSxlBvtFoGRU5y9LJUCL-mNL25RnLTa7jS70N2U  width=20 height=20>"
"104","Excelsior","<img style=margin:3px 0;margin-right:6px;padding:0 height=86 src=https://encrypted-tbn0.gstatic.com/images?q=tbn:ANd9GcTp_y_vzo2z9SBzfoZggnmSe9HZbWixHzKfyoJLvHglhDlYAeASmrmktA  width=20 height=20>"
"105","FC Augsburg","<img style=margin:3px 0;margin-right:6px;padding:0 height=86 src=https://encrypted-tbn0.gstatic.com/images?q=tbn:ANd9GcRSQCli3iqR4AXTHS4Jm2LJSMJ1oiHBpS4xCSmtYYnJhEapHIJnpaXLhA  width=20 height=20>"
"106","FC Bayern München","<img style=margin:3px 0;margin-right:6px;padding:0 height=86 src=https://encrypted-tbn0.gstatic.com/images?q=tbn:ANd9GcRsGITNTE0zVM27Dc4-jIFJYouEXJtksw6o8aQQ51eFnk5hgfCSKdmMDFs  width=20 height=20>"
"107","FC Emmen","<img style=margin:3px 0;margin-right:6px;padding:0 height=88 src=https://encrypted-tbn0.gstatic.com/images?q=tbn:ANd9GcTl4JnoXvrjGpGkWtsRJ4AGt3-9m5L0QxRnFXz0CAmScn8GfIKdkw01lw  width=20 height=20>"
"108","FC Flyeralarm Admira","<img style=margin:3px 0;margin-right:6px;padding:0 height=72 src=https://encrypted-tbn0.gstatic.com/images?q=tbn:ANd9GcQ8lBm7EJCReaQKGU7F9M61kMT8tN12JaXki3rDmaUBDc6uNE1Yr-yqw-c  width=20 height=20>"
"109","FC Groningen","<img style=margin:3px 0;margin-right:6px;padding:0 height=86 src=https://encrypted-tbn0.gstatic.com/images?q=tbn:ANd9GcRVOXT3groAeCnvsWOfHAhos7bJKpgJ2jcMBLdD6gAb7FeDf7z7JfcHdPk  width=20 height=20>"
"110","FC København","<img style=margin:3px 0;margin-right:6px;padding:0 height=84 src=https://encrypted-tbn0.gstatic.com/images?q=tbn:ANd9GcQS_qi7bCXdmJ7tSWN-5fRC3My-36COYG72dqJTooccgErgPYmWoLMbVlE  width=20 height=20>"
"111","FC Midtjylland","<img style=margin:3px 0;margin-right:6px;padding:0 height=86 src=https://encrypted-tbn0.gstatic.com/images?q=tbn:ANd9GcTSTDD9oW_Susp9yFzG9Y4IUZXVcztwFbAUQ8HEXku7m30nir4Pf7H51w  width=20 height=20>"
"112","FC Nordsjælland","<img style=margin:3px 0;margin-right:6px;padding:0 height=86 src=https://encrypted-tbn0.gstatic.com/images?q=tbn:ANd9GcQ5FxslbZ1OBCzaNwhDMIA1jtJzjQWb2FFKiOIgx4wDwSn9ANZ4efYc0yc  width=20 height=20>"
"113","FC Nürnberg","<img style=margin:3px 0;margin-right:6px;padding:0 height=85 src=https://encrypted-tbn0.gstatic.com/images?q=tbn:ANd9GcQXAa4Xlmx_tsnw34g5VyOX5uxtsVuI9Vd0hsC92wN3vxZXOxLXAOIcmqA  width=20 height=20>"
"114","FC Porto","<img style=margin:3px 0;margin-right:6px;padding:0 height=86 src=https://encrypted-tbn0.gstatic.com/images?q=tbn:ANd9GcSToALnHxnvi_d5ZOdS-uSM50qcWDMQ6RPyao1A6QGzlo9W6Ob703lTWOI  width=20 height=20>"
"115","FC Red Bull Salzburg","<img style=margin:3px 0;margin-right:6px;padding:0 height=88 src=https://encrypted-tbn0.gstatic.com/images?q=tbn:ANd9GcRkQkyowmhl42OEOiJiZXuKp8VoL2fq0r0VvL-OeBkmmLpNDQJ8hXLdyA  width=20 height=20>"
"116","FC Schalke 04","<img style=margin:3px 0;margin-right:6px;padding:0 height=87 src=https://encrypted-tbn0.gstatic.com/images?q=tbn:ANd9GcTQfZh1PLeJFmW0Yfl4sJ2rCmS2jtmze7BxUyx6YmslG50h5Lm-k8WmT14  width=20 height=20>"
"117","FC Tokyo","<img style=margin:3px 0;margin-right:6px;padding:0 height=86 src=https://encrypted-tbn0.gstatic.com/images?q=tbn:ANd9GcRTfjj16JXsKCXhEEE7FCEjI2EFKkrrnUk_mWuD5cU4vws8mJOfoNYRn5g  width=20 height=20>"
"118","FC Utrecht","<img style=margin:3px 0;margin-right:6px;padding:0 height=86 src=https://encrypted-tbn0.gstatic.com/images?q=tbn:ANd9GcTvfKlgwHw92RosMHWbIBC7n7bQM-7NwRCQGQXGyGXaZ9qZlcmENPZkDoY  width=20 height=20>"
"119","FC Wacker Innsbruck","<img style=margin:3px 0;margin-right:6px;padding:0 height=87 src=https://encrypted-tbn0.gstatic.com/images?q=tbn:ANd9GcTAFNFDvfHBdtys23NzG08BP33miwdzY91YQCrMafmTv3mib1r7yLZQyqk  width=20 height=20>"
"120","Feirense","<img style=margin:3px 0;margin-right:6px;padding:0 height=89 src=https://encrypted-tbn0.gstatic.com/images?q=tbn:ANd9GcQ_KIHOZinwnhbhKflnvsKFp8dMeTs1Ay2hk9DzY2LJSLwvLvi5JNZ42w  width=20 height=20>"
"121","Fenerbahçe","<img style=margin:3px 0;margin-right:6px;padding:0 height=90 src=https://encrypted-tbn0.gstatic.com/images?q=tbn:ANd9GcRFiK9eBascJPD_AIA-RVgdIF4Yq4ORS2QFNnZs-I_UYexGaiUxDN6Q6Q  width=20 height=20>"
"122","Feyenoord","<img style=margin:3px 0;margin-right:6px;padding:0 height=84 src=https://encrypted-tbn0.gstatic.com/images?q=tbn:ANd9GcQybBZpgdYhTOS7zx2x_jb8txy5XwoNEXn7Q-31chGQ58ARdDlSWeK8vQ  width=20 height=20>"
"123","Fiorentina","<img style=margin:3px 0;margin-right:6px;padding:0 height=88 src=https://encrypted-tbn0.gstatic.com/images?q=tbn:ANd9GcR0hH8D9ghkaGspM3lxjWqWFg4y3WVDf0ESWy54bYcGaM5ERsRMiCmzaUo  width=20 height=20>"
"124","FK Austria Wien","<img style=margin:3px 0;margin-right:6px;padding:0 height=85 src=https://encrypted-tbn0.gstatic.com/images?q=tbn:ANd9GcThCP5hrikA6HcGbJF5l3GZnxAUcTU1LU_C7neGrYihquEQYPJtlMUxaZA  width=20 height=20>"
"125","Fleetwood Town","<img style=margin:3px 0;margin-right:6px;padding:0 height=84 src=https://encrypted-tbn0.gstatic.com/images?q=tbn:ANd9GcR5BiVqrF9dkShF9rPOGSyE3454w_-7inbeVALhTewOXByqXP-nlzNCyjQ  width=20 height=20>"
"126","Foggia","<img style=margin:3px 0;margin-right:6px;padding:0 height=82 src=https://encrypted-tbn0.gstatic.com/images?q=tbn:ANd9GcR4B63-_B1PrfyVfd8mymvSwf5BdlhfpodXA1NF8GWTUD5XgW3wVhx7YnE  width=20 height=20>"
"127","Fortuna Düsseldorf","<img style=margin:3px 0;margin-right:6px;padding:0 height=87 src=https://encrypted-tbn0.gstatic.com/images?q=tbn:ANd9GcSK1AU2hqeRbc_PbiVYRTsKSIV636RJVLc-rRh5uD1aF2n5NFIThioQVnE  width=20 height=20>"
"128","Fortuna Sittard","<img style=margin:3px 0;margin-right:6px;padding:0 height=87 src=https://encrypted-tbn0.gstatic.com/images?q=tbn:ANd9GcTDow26gB8dbk0xMXhx1X1bsCVFpMjYcRi95G6pqja8iLWK0cioNbPbCk8  width=20 height=20>"
"129","Frosinone","<img style=margin:3px 0;margin-right:6px;padding:0 height=86 src=https://encrypted-tbn0.gstatic.com/images?q=tbn:ANd9GcTlx1Jo__39fttKBq4FeatUAdtA6v4CGe75UVOffWnTIRuMZpYz4KhAOIQ  width=20 height=20>"
"130","FSV Mainz 05","<img style=margin:3px 0;margin-right:6px;padding:0 height=90 src=https://encrypted-tbn0.gstatic.com/images?q=tbn:ANd9GcTThbqVo7QbYQB4wRrlcUGFJ0_EgrF9jWh5PDL4VDenpDkdUcTX9RBYzC0  width=20 height=20>"
"131","Fulham","<img style=margin:3px 0;margin-right:6px;padding:0 height=86 src=https://encrypted-tbn0.gstatic.com/images?q=tbn:ANd9GcTrdS-A7DDP6FHaFT8Nt41kYZ-k_trEOFY1rVYoaC2y0cZdbNKFPfBI9A  width=20 height=20>"
"132","Galatasaray","<img style=margin:3px 0;margin-right:6px;padding:0 height=86 src=https://encrypted-tbn0.gstatic.com/images?q=tbn:ANd9GcSSiHfS38BvLvMRAHwWNidYxmI1v2Tog3Llh52_Bt4NgvPxjgWhXBIBkQ  width=20 height=20>"
"133","Gamba Osaka","<img style=margin:3px 0;margin-right:6px;padding:0 height=89 src=https://encrypted-tbn0.gstatic.com/images?q=tbn:ANd9GcReM5fZl3YGWEhZuGNRRuNU8lz8vtj4h4SgRjh8zbGmbUnAv2Jk6redBu8  width=20 height=20>"
"134","GD Chaves","<img style=margin:3px 0;margin-right:6px;padding:0 height=89 src=https://encrypted-tbn0.gstatic.com/images?q=tbn:ANd9GcQ9D5-VG3P203vrilDYhsU4176k3duR8R8_99rjouvFe1Tw3yTZteOfF9A  width=20 height=20>"
"135","Genoa","<img style=margin:3px 0;margin-right:6px;padding:0 height=87 src=https://encrypted-tbn0.gstatic.com/images?q=tbn:ANd9GcRahets5xfLqsMtiy06W47ocWtrea7OG_dQE0xOar2hJOqLHEBKmdFbAw  width=20 height=20>"
"136","Getafe","<img style=margin:3px 0;margin-right:6px;padding:0 height=86 src=https://encrypted-tbn0.gstatic.com/images?q=tbn:ANd9GcQiu9LyYkKUg969JUCIOdrqWfV5TBwje-9jePzncgUz3CoCgNcXHBAkfSU  width=20 height=20>"
"137","Gillingham","<img style=margin:3px 0;margin-right:6px;padding:0 height=86 src=https://encrypted-tbn0.gstatic.com/images?q=tbn:ANd9GcSs6C9y1xTZ7NT2t2wwmjw8RCFby9tIhgLEQusUw0UJY-0NebiuTxOKGQ  width=20 height=20>"
"138","Girona","<img style=margin:3px 0;margin-right:6px;padding:0 height=89 src=https://encrypted-tbn0.gstatic.com/images?q=tbn:ANd9GcQX3oWf-W45OfU2N7p61qkkxYenAI6zcZDeEzoOtSrRAx3QHkiPBGSJVg  width=20 height=20>"
"139","Gornik Zabrze","<img style=margin:3px 0;margin-right:6px;padding:0 height=90 src=https://encrypted-tbn0.gstatic.com/images?q=tbn:ANd9GcSN8_izIxLb4EP8ClNSqjLpbhsC_3ngcjPk-lI0Rak2DA7bklVwg60-eQ  width=20 height=20>"
"140","Göztepe S.K.","<img style=margin:3px 0;margin-right:6px;padding:0 height=90 src=https://encrypted-tbn0.gstatic.com/images?q=tbn:ANd9GcQFGAVD6GV4JSZov0iY-Gk-BRH_Q371-ZlY7iArkWnTSbqAQ6LFWSJiAcc  width=20 height=20>"
"141","Grasshopper Club Zürich","<img style=margin:3px 0;margin-right:6px;padding:0 height=90 src=https://encrypted-tbn0.gstatic.com/images?q=tbn:ANd9GcS2LAEXyRyBHzpeplFhXjuqAEYbJIw5blumYD7st0f1e6q3f8rP7azv24w  width=20 height=20>"
"142","Guingamp","<img style=margin:3px 0;margin-right:6px;padding:0 height=69 src=https://encrypted-tbn0.gstatic.com/images?q=tbn:ANd9GcRimwvxb-y_qJbDWrrZYc-yH99NDYVfzmtmPQF3MLQ2knWrSvDCuYM5apc  width=20 height=20>"
"143","Hamilton Academical","<img style=margin:3px 0;margin-right:6px;padding:0 height=84 src=https://encrypted-tbn0.gstatic.com/images?q=tbn:ANd9GcQ-O-oBZtH4f0CpAo9sUFaThTjDOI0LxQ9GDkvRPyVjDCSpVa1O-LzpJbI  width=20 height=20>"
"144","Hannover 96","<img style=margin:3px 0;margin-right:6px;padding:0 height=86 src=https://encrypted-tbn0.gstatic.com/images?q=tbn:ANd9GcRF9kWzu6lWjmgPZJkSG9KgY5dzuLZaxWyfx89prhNBUAdQihfiFA8FgQ  width=20 height=20>"
"145","Heart of Midlothian","<img style=margin:3px 0;margin-right:6px;padding:0 height=86 src=https://encrypted-tbn0.gstatic.com/images?q=tbn:ANd9GcR8sVNZ9wDruSFudKLLxgG99k98nK7wKkBni-Lx8oLlD7jHSDP2vwpswQ  width=20 height=20>"
"146","Heracles Almelo","<img style=margin:3px 0;margin-right:6px;padding:0 height=76 src=https://encrypted-tbn0.gstatic.com/images?q=tbn:ANd9GcTF06sR5XJCCPIsRtr4BjrUIwEyuYdJ7h2A4abmbcVYF9PVIamoJ3MfLrA  width=20 height=20>"
"147","Hertha BSC","<img style=margin:3px 0;margin-right:6px;padding:0 height=80 src=https://encrypted-tbn0.gstatic.com/images?q=tbn:ANd9GcR8rvihMQNO97sTiBkJYFoxbJj_lsZ_ujWOmqDymrhjCCHu7OFZVGtWKg  width=20 height=20>"
"148","Hibernian","<img style=margin:3px 0;margin-right:6px;padding:0 height=86 src=https://encrypted-tbn0.gstatic.com/images?q=tbn:ANd9GcTZjoNT4SNTVg6Gqicc5GwcrmWAuH1Nxk7snjx0ZlkoLO0HsNLowiWNlA  width=20 height=20>"
"149","Hobro IK","<img style=margin:3px 0;margin-right:6px;padding:0 height=90 src=https://encrypted-tbn0.gstatic.com/images?q=tbn:ANd9GcSWAgjDaS3sa6-j_aAWN7i_wxPUufmHKAWfII3zUK4iViRqNYvTsNv8XP4  width=20 height=20>"
"150","Huddersfield Town","<img style=margin:3px 0;margin-right:6px;padding:0 height=90 src=https://encrypted-tbn0.gstatic.com/images?q=tbn:ANd9GcQGyG3DK1Pyp2Y6BwlE4_B92L1Uxcii0NHFqcTSlg0J2DEnApTTGyZiFQ  width=20 height=20>"
"151","Huesca","<img style=margin:3px 0;margin-right:6px;padding:0 height=89 src=https://encrypted-tbn0.gstatic.com/images?q=tbn:ANd9GcQGg-VBpO8J3bzswqKvdzOgKXQBdma-OktlWjE5uOzU9X5IYSEGtkfIkA  width=20 height=20>"
"152","Hull City","<img style=margin:3px 0;margin-right:6px;padding:0 height=86 src=https://encrypted-tbn0.gstatic.com/images?q=tbn:ANd9GcTZBdh_qRs7JzK7nRTLMkpIHVfalLjo8t5JdJ2rUzNodDzZ48jagmD6z3s  width=20 height=20>"
"153","Internazionale","<img style=margin:3px 0;margin-right:6px;padding:0 height=86 src=https://encrypted-tbn0.gstatic.com/images?q=tbn:ANd9GcS1PqSjow6QdLm_6zMUIHLMRbZzxKb2l-b-6S7EnrvAwgBdJ4lDetodHx0  width=20 height=20>"
"154","Ipswich Town","<img style=margin:3px 0;margin-right:6px;padding:0 height=85 src=https://encrypted-tbn0.gstatic.com/images?q=tbn:ANd9GcRxEfbkrY6C-ziMsQWOXgPsdGQuWsynarGf33DbuULSCOco9QJgpSBSFQ  width=20 height=20>"
"155","Istanbul Basaksehir","<img style=margin:3px 0;margin-right:6px;padding:0 height=86 src=https://encrypted-tbn0.gstatic.com/images?q=tbn:ANd9GcRtF4sNe2BbqI2Fp38K0zYrXdnomCSw44GggcihXoYGbpKD759LZCyOeY4  width=20 height=20>"
"156","Jagiellonia Bialystok","<img style=margin:3px 0;margin-right:6px;padding:0 height=90 src=https://encrypted-tbn0.gstatic.com/images?q=tbn:ANd9GcRRsHbDIak796JEUCjBVqS_oZjL_9eFNBlxIgIcIzoZFh4_-ZqS1U5n3w  width=20 height=20>"
"157","Jubilo Iwata","<img style=margin:3px 0;margin-right:6px;padding:0 height=86 src=https://encrypted-tbn0.gstatic.com/images?q=tbn:ANd9GcSFmKi9TXJSq8RGuTDVOHYlfv2syyXQle9GMH7NS6_m7MRtWaVagfT3Tg  width=20 height=20>"
"158","Juventus","<img style=margin:3px 0;margin-right:6px;padding:0 height=90 src=https://encrypted-tbn0.gstatic.com/images?q=tbn:ANd9GcQ1Tn9ngHm3yKNWeiqBL1fOnjLWgODfNfm94G1K5w56GxDBcbJMV_ss3g  width=20 height=20>"
"159","KAA Gent","<img style=margin:3px 0;margin-right:6px;padding:0 height=70 src=https://encrypted-tbn0.gstatic.com/images?q=tbn:ANd9GcQQLuRSyCryYkA8CeNkLgVIGnbk2Ld3YKM0oxA6NhiJgTmHp-fGeF-4vmE  width=20 height=20>"
"160","KAS Eupen","<img style=margin:3px 0;margin-right:6px;padding:0 height=86 src=https://encrypted-tbn0.gstatic.com/images?q=tbn:ANd9GcQtdONMkgdWxYihqeqeEVHMC_948H7CkfSnpUiQL9RRW1QrH8bpJvPPldk  width=20 height=20>"
"161","Kashima Antlers","<img style=margin:3px 0;margin-right:6px;padding:0 height=86 src=https://encrypted-tbn0.gstatic.com/images?q=tbn:ANd9GcThMqA4V_Hb0RxCvGJsDRof1cnFQTK_O4O-3_rznYDQ-HMqQd6EJW4IFw  width=20 height=20>"
"162","Kashiwa Reysol","<img style=margin:3px 0;margin-right:6px;padding:0 height=86 src=https://encrypted-tbn0.gstatic.com/images?q=tbn:ANd9GcTCCUfuJN9ycJtVXZGQgXsTdgU8VIQ3lb4RTGIkC9wBafsN1lLxmRMZbYs  width=20 height=20>"
"163","Kasimpasa S.K.","<img style=margin:3px 0;margin-right:6px;padding:0 height=90 src=https://encrypted-tbn0.gstatic.com/images?q=tbn:ANd9GcQM8OQoLlH0LEVvcoDgYi0TKLTJHZGJUBk6d2N89wyYwES-FqSSSAa7KfE  width=20 height=20>"
"164","Kawasaki Frontale","<img style=margin:3px 0;margin-right:6px;padding:0 height=87 src=https://encrypted-tbn0.gstatic.com/images?q=tbn:ANd9GcRmwMJDPEF9hf-6WeYizxR2l58NfGLLo_3XCXSz-XHLEN29MQvVBZ6m9Jc  width=20 height=20>"
"165","Kayserispor","<img style=margin:3px 0;margin-right:6px;padding:0 height=86 src=https://encrypted-tbn0.gstatic.com/images?q=tbn:ANd9GcSQmEDU704I3dzde5_llGvi4yWDHcEpQFp4NdgXzGoeLHg-IWb0UYF79a0  width=20 height=20>"
"166","Kilmarnock","<img style=margin:3px 0;margin-right:6px;padding:0 height=90 src=https://encrypted-tbn0.gstatic.com/images?q=tbn:ANd9GcRQBfUEgdlR0lX-YyLOTbXjgMX0P3KuSYt42TTa_7Lpyibl2dMab2YwfQ  width=20 height=20>"
"167","Konyaspor","<img style=margin:3px 0;margin-right:6px;padding:0 height=90 src=https://encrypted-tbn0.gstatic.com/images?q=tbn:ANd9GcQegJAbPXkbRCMprq_zV4d4HhXbo8vA4ES36gF3AEOneWtLmw4jM6FKcSI  width=20 height=20>"
"168","Korona Kielce","<img style=margin:3px 0;margin-right:6px;padding:0 height=83 src=https://encrypted-tbn0.gstatic.com/images?q=tbn:ANd9GcScvyRkKmJjdzm3pbJd6H09dymnRHvzT1Gr3osxpJa1QXfZSFWbica5WA  width=20 height=20>"
"169","KRC Genk","<img style=margin:3px 0;margin-right:6px;padding:0 height=90 src=https://encrypted-tbn0.gstatic.com/images?q=tbn:ANd9GcQxhHSz39HE2vH8_8FIBA-XGv3rEPmZqCmomGBrIM9gn7gAVvij4T0Ox-E  width=20 height=20>"
"170","KSC Lokeren","<img style=margin:3px 0;margin-right:6px;padding:0 height=86 src=https://encrypted-tbn0.gstatic.com/images?q=tbn:ANd9GcSnipQfKSlIngEHVGiWDO8gEMzRS2tsAcEP4CQUXyyGe4RKTpgdivopCQ  width=20 height=20>"
"171","KV Kortrijk","<img style=margin:3px 0;margin-right:6px;padding:0 height=90 src=https://encrypted-tbn0.gstatic.com/images?q=tbn:ANd9GcQoSRi5yMTSEBfdM3LygTee0AzKFpdxE2qr1Sfh48FG6FF6JM1povjme6o  width=20 height=20>"
"172","KV Oostende","<img style=margin:3px 0;margin-right:6px;padding:0 height=51 src=https://encrypted-tbn0.gstatic.com/images?q=tbn:ANd9GcTDq7TKudNN1A5-_NVlizxEYzhzFo7YUxqqXwGZPRC0g1mjcqKhTGvUnow  width=20 height=20>"
"173","Lamia","<img style=margin:3px 0;margin-right:6px;padding:0 height=86 src=https://encrypted-tbn0.gstatic.com/images?q=tbn:ANd9GcQHuirqfqIxjM34gNAgXErKSdYNH40y1njrI6Gkz3Z09CjFLN8DXaaKmb8  width=20 height=20>"
"174","Larissa","<img style=margin:3px 0;margin-right:6px;padding:0 height=90 src=https://encrypted-tbn0.gstatic.com/images?q=tbn:ANd9GcTvN1cwQqBB1VHjVMRgO_4ok-MUvuyVbT_ryNZJLxG_nJ70o5w9DgEHpA  width=20 height=20>"
"175","LASK","<img style=margin:3px 0;margin-right:6px;padding:0 height=90 src=https://encrypted-tbn0.gstatic.com/images?q=tbn:ANd9GcTtSK9i1oa5f0n2zLOmZq7jyJO6hbHyE08NBIGhBMcpvbl3OJTCScKK6zE  width=20 height=20>"
"176","Lazio","<img style=margin:3px 0;margin-right:6px;padding:0 height=78 src=https://encrypted-tbn0.gstatic.com/images?q=tbn:ANd9GcRQcXGUgLvlLTVxTj2i6R9EsoN8RUS8aBxkQl9yoUEQ2DdgjX7mf1fFCg  width=20 height=20>"
"177","Lecce","<img style=margin:3px 0;margin-right:6px;padding:0 height=84 src=https://encrypted-tbn0.gstatic.com/images?q=tbn:ANd9GcQto1rhN_zZ8P-zb8Ag85VJx81d9ZQcag7m1L7nobsWPWdhEM6IYv4_LAE  width=20 height=20>"
"178","Lech Poznan","<img style=margin:3px 0;margin-right:6px;padding:0 height=79 src=https://encrypted-tbn0.gstatic.com/images?q=tbn:ANd9GcQlHuzD0ARyTpq28nLqpMn4oQVZ82VaLz-zZ7NVWjlCfuLFiogc9obayA  width=20 height=20>"
"179","Lechia Gdansk","<img style=margin:3px 0;margin-right:6px;padding:0 height=81 src=https://encrypted-tbn0.gstatic.com/images?q=tbn:ANd9GcTGi9kSMKPWftV4XqlGZfzQYtUUtxPZ1bghpw5e51leSJM2bRExCpGGdcY  width=20 height=20>"
"180","Leeds United","<img style=margin:3px 0;margin-right:6px;padding:0 height=85 src=https://encrypted-tbn0.gstatic.com/images?q=tbn:ANd9GcR3DP3b1u7uu0OK68RiN2MlqHJpqp3dpvUNcAx5PI4TETu359JMbyppdCo  width=20 height=20>"
"181","Leganés","<img style=margin:3px 0;margin-right:6px;padding:0 height=90 src=https://encrypted-tbn0.gstatic.com/images?q=tbn:ANd9GcRpp6pCtaCWjpkbjSirrE57PCBBrSVHROOgN4trgFc6pfW3s2OIuwk8Kmk  width=20 height=20>"
"182","Legia Warsaw","<img style=margin:3px 0;margin-right:6px;padding:0 height=89 src=https://encrypted-tbn0.gstatic.com/images?q=tbn:ANd9GcTCT_WttC8TMhyUR4Nbsl5R4oW9Tz02FvQE95n7XL2utLK39B7SXi5ECw  width=20 height=20>"
"183","Leicester City","<img style=margin:3px 0;margin-right:6px;padding:0 height=84 src=https://encrypted-tbn0.gstatic.com/images?q=tbn:ANd9GcRe-Ovv8V1_chbW8AdYe32G8-5V-Ov4LNvyxObrgoGeUbXaoEOblfB83A  width=20 height=20>"
"184","Levadiakos","<img style=margin:3px 0;margin-right:6px;padding:0 height=86 src=https://encrypted-tbn0.gstatic.com/images?q=tbn:ANd9GcSqBOZa85nWXMY5nSqmUH6SXc7BS4SvnG3EU-PCvG6AM6nTBF2YuiHj5wo  width=20 height=20>"
"185","Levante","<img style=margin:3px 0;margin-right:6px;padding:0 height=86 src=https://encrypted-tbn0.gstatic.com/images?q=tbn:ANd9GcSwYcJ9IsVGT7ZP59ofOhSgmPGSc8WpKdUGD3gvnVsgsdAYgkhBQp4SBX8  width=20 height=20>"
"186","Lille","<img style=margin:3px 0;margin-right:6px;padding:0 height=82 src=https://encrypted-tbn0.gstatic.com/images?q=tbn:ANd9GcQ1LajLmpmwPFkrRXZUhaKzBD2tfDS72dXj_r3rkvZlsSJJ4j15qn5OZA  width=20 height=20>"
"187","Liverpool","<img style=margin:3px 0;margin-right:6px;padding:0 height=73 src=https://encrypted-tbn0.gstatic.com/images?q=tbn:ANd9GcSpPyttTuhCrtqnb4LhesFJI3bG4t8qldK-dEfLrwFw5AMJ-Ebagv9KMg  width=20 height=20>"
"188","Livingston","<img style=margin:3px 0;margin-right:6px;padding:0 height=87 src=https://encrypted-tbn0.gstatic.com/images?q=tbn:ANd9GcQvFMEXglwCMNVDhITdj2F4BJrUsCtAVJAtObQg4yrwV3e-hb626LpuMxk  width=20 height=20>"
"189","Livorno","<img style=margin:3px 0;margin-right:6px;padding:0 height=90 src=https://encrypted-tbn0.gstatic.com/images?q=tbn:ANd9GcS4s7zNN9EHpEzuQJ4jjqiA64H9ubg1wR3o41fYFnN61QR-4nLS8zgZe8w  width=20 height=20>"
"190","Llandudno FC","<img style=margin:3px 0;margin-right:6px;padding:0 height=83 src=https://encrypted-tbn0.gstatic.com/images?q=tbn:ANd9GcTT8Gt3lpFEgyM73pTHHcsWJcHT2Frb_4SwsIEqORA0_SLjm9sVLJnmnrU  width=20 height=20>"
"191","Llanelli Town","<img style=margin:3px 0;margin-right:6px;padding:0 height=90 src=https://encrypted-tbn0.gstatic.com/images?q=tbn:ANd9GcQynOnHEBW1FhS5NJMCzbDeZ4d_8Nu7d7bbO5-sSC3bveLm8k-euAckUmo  width=20 height=20>"
"192","Lugano","<img style=margin:3px 0;margin-right:6px;padding:0 height=85 src=https://encrypted-tbn0.gstatic.com/images?q=tbn:ANd9GcQOcRb-ANNks3FqqELGU7SlrIEeL3t5xAm--8wvuhKGxiEWC7vfnPAywKI  width=20 height=20>"
"193","Luton Town","<img style=margin:3px 0;margin-right:6px;padding:0 height=86 src=https://encrypted-tbn0.gstatic.com/images?q=tbn:ANd9GcQ1YStErdflZbr2MumkgPuYrEutISsT5WWZkc2LEJOw6n_aRp2Q6b0BEQ  width=20 height=20>"
"194","Luzern","<img style=margin:3px 0;margin-right:6px;padding:0 height=86 src=https://encrypted-tbn0.gstatic.com/images?q=tbn:ANd9GcRIoVuJ4tj3MOYSwXhfjbxg2QOKvScx5vWjbC2Dt_Gpm_RNMUuCVn2A8Ns  width=20 height=20>"
"195","Lyon","<img style=margin:3px 0;margin-right:6px;padding:0 height=86 src=https://encrypted-tbn0.gstatic.com/images?q=tbn:ANd9GcQgFBIA2zUlnJ68t9i-eCkhzfUDloe5G57je5ATmrNvhvcOCTm8nsBijQ  width=20 height=20>"
"196","Manchester City","<img style=margin:3px 0;margin-right:6px;padding:0 height=82 src=https://encrypted-tbn0.gstatic.com/images?q=tbn:ANd9GcTebgcP6atbul0Hb1i8trzUeYBHEfXp6UvBWukRBDeHzLv4ca1z3roI65o  width=20 height=20>"
"197","Manchester United","<img style=margin:3px 0;margin-right:6px;padding:0 height=86 src=https://encrypted-tbn0.gstatic.com/images?q=tbn:ANd9GcRexdsaYPYtJIooHeFaKXYBOshBz9cQLra5dTcfG3PeGoOIxbP-C33A1no  width=20 height=20>"
"198","Marítimo","<img style=margin:3px 0;margin-right:6px;padding:0 height=86 src=https://encrypted-tbn0.gstatic.com/images?q=tbn:ANd9GcQ0i1Tn-i4OGsDkr-zkf2yPdRtUICgrGGOyaiTMwU1DWHukRaXuuWkgwuk  width=20 height=20>"
"199","Marseille","<img style=margin:3px 0;margin-right:6px;padding:0 height=86 src=https://encrypted-tbn0.gstatic.com/images?q=tbn:ANd9GcT_qIz4e8aNaWSfUMWNPdY84eUeiIXyzhXFpNXc8eklco4ZOeoBoDi-P3I  width=20 height=20>"
"200","Melbourne City FC","<img style=margin:3px 0;margin-right:6px;padding:0 height=86 src=https://encrypted-tbn0.gstatic.com/images?q=tbn:ANd9GcQ5qmSNJpuPun1QBESGUMPWAjSN9tiNPuTE0l-G6WVG8k1m8IwyDs3fNB0  width=20 height=20>"
"201","Melbourne Victory","<img style=margin:3px 0;margin-right:6px;padding:0 height=88 src=https://encrypted-tbn0.gstatic.com/images?q=tbn:ANd9GcQx766MJzrjb7J9j8HZVR-DRSrwDuChr6OzP0wh9QPjIFQGtLp044jKb-Y  width=20 height=20>"
"202","Middlesbrough","<img style=margin:3px 0;margin-right:6px;padding:0 height=86 src=https://encrypted-tbn0.gstatic.com/images?q=tbn:ANd9GcSKJwzKtEIJcM85W8RLp7Lr7MAjXdBbm5Ya9Lhnx4rqm5dWqSwEaA1mew  width=20 height=20>"
"203","Miedz Legnica","<img style=margin:3px 0;margin-right:6px;padding:0 height=86 src=https://encrypted-tbn0.gstatic.com/images?q=tbn:ANd9GcRqYdjtIXO80wWP4ppKvgvkHptWRjX-peZKT3Tbm90RQ6-ILp-udqEczg  width=20 height=20>"
"204","Milan","<img style=margin:3px 0;margin-right:6px;padding:0 height=90 src=https://encrypted-tbn0.gstatic.com/images?q=tbn:ANd9GcQc8Dgsat18iPEvk-gvfZk0JQIf4aN4LbfINQkryEEzcFkGnnvn7TZ4tcw  width=20 height=20>"
"205","Millwall","<img style=margin:3px 0;margin-right:6px;padding:0 height=86 src=https://encrypted-tbn0.gstatic.com/images?q=tbn:ANd9GcTkO1GxY_iCNu4MM51prGIYDLI1F_xhP3vuHMFbECcf7wjdMmgGQsVWoA  width=20 height=20>"
"206","Monaco","<img style=margin:3px 0;margin-right:6px;padding:0 height=86 src=https://encrypted-tbn0.gstatic.com/images?q=tbn:ANd9GcQAFC_214GcAdzyiB_zbab3TqIobrICCh_H_qTRsnSjUdWn-b6xLH0LBZs  width=20 height=20>"
"207","Montpellier","<img style=margin:3px 0;margin-right:6px;padding:0 height=86 src=https://encrypted-tbn0.gstatic.com/images?q=tbn:ANd9GcQFjFAzJIZcnlhfhJS0UAMIJDFDvyblYz_IMfGehUcX8GCXquXXgXihTGA  width=20 height=20>"
"208","Moreirense","<img style=margin:3px 0;margin-right:6px;padding:0 height=86 src=https://encrypted-tbn0.gstatic.com/images?q=tbn:ANd9GcSiArnJBjMA97T5FH-CjFeJ0JA4K3RnCmEw-ojc98DZA6o6J5Tr-ws3lg  width=20 height=20>"
"209","Motherwell","<img style=margin:3px 0;margin-right:6px;padding:0 height=90 src=https://encrypted-tbn0.gstatic.com/images?q=tbn:ANd9GcQFIwa-kt0qAiTjshE2RqgpKNI523Q5UB6LKvBBzxHeiq6NNgiI6SpD0Q  width=20 height=20>"
"210","NAC Breda","<img style=margin:3px 0;margin-right:6px;padding:0 height=86 src=https://encrypted-tbn0.gstatic.com/images?q=tbn:ANd9GcSbTAIiAf8EKOrs37Ze1_U3r8lnEioQEmMF1tzmh54oooaoe_w-Uw-ipi0  width=20 height=20>"
"211","Nagoya Grampus","<img style=margin:3px 0;margin-right:6px;padding:0 height=86 src=https://encrypted-tbn0.gstatic.com/images?q=tbn:ANd9GcTFs2CPnZ9AJCGdDNl7yGw5qEAFVHs7V1Y_jIezFtPT02vs6FTs32WVrg  width=20 height=20>"
"212","Nantes","<img style=margin:3px 0;margin-right:6px;padding:0 height=90 src=https://encrypted-tbn0.gstatic.com/images?q=tbn:ANd9GcR7fuoFq7uWpfaRqXuoXc-rkXPNlJiuBO189k-iRgFKyJaRCfMUkMaXVA  width=20 height=20>"
"213","Napoli","<img style=margin:3px 0;margin-right:6px;padding:0 height=86 src=https://encrypted-tbn0.gstatic.com/images?q=tbn:ANd9GcQs2d29gx41bm_dCprQrBl4_zelbI7ET9Vhsk7-_vtLS4B2a6HsTksTnN8  width=20 height=20>"
"214","Neuchâtel Xamax","<img style=margin:3px 0;margin-right:6px;padding:0 height=86 src=https://encrypted-tbn0.gstatic.com/images?q=tbn:ANd9GcSrNCZC1MDqhLAKzaicvVvsQEZswcLKMaItM7jlMMYOUAj481DZic71RA  width=20 height=20>"
"215","Newcastle Jets","<img style=margin:3px 0;margin-right:6px;padding:0 height=87 src=https://encrypted-tbn0.gstatic.com/images?q=tbn:ANd9GcSLCB9fCm9hFNYB1WbSySM7GFWRVgh-45K3yJpBg0IvkwVA2ggTmjFZBA  width=20 height=20>"
"216","Newcastle United","<img style=margin:3px 0;margin-right:6px;padding:0 height=88 src=https://encrypted-tbn0.gstatic.com/images?q=tbn:ANd9GcSxd1x1VgMYSLCkeBGRq_rGf_mZdD_6MOL3s_8xGxsfXWBySRMTLbmxEyk  width=20 height=20>"
"217","Newtown AFC","<img style=margin:3px 0;margin-right:6px;padding:0 height=90 src=https://encrypted-tbn0.gstatic.com/images?q=tbn:ANd9GcS1_hXqyHiEPjmY66mTSaXdSdCO_x1boKR55wVamN9YrmqJ3a-lk8BCOA  width=20 height=20>"
"218","Nice","<img style=margin:3px 0;margin-right:6px;padding:0 height=86 src=https://encrypted-tbn0.gstatic.com/images?q=tbn:ANd9GcRs2pQIkxdeKkLMwXWm4R8O8YFbGK3yrLT1RP0RKJ2Hm5fdRHgiBQ9kUQ  width=20 height=20>"
"219","Nîmes","<img style=margin:3px 0;margin-right:6px;padding:0 height=82 src=https://encrypted-tbn0.gstatic.com/images?q=tbn:ANd9GcQ0zD4VBmTI7avgyC5oDOdlQuRC5iVjUzmmPDEU8IZ5skexdAb9glfxTWw  width=20 height=20>"
"220","Norwich City","<img style=margin:3px 0;margin-right:6px;padding:0 height=86 src=https://encrypted-tbn0.gstatic.com/images?q=tbn:ANd9GcSWcOTAUlTOIUR8HjLVhyT1tzks1o7MmIxFi_DAuD3PfvjwBxcP-N-wp3w  width=20 height=20>"
"221","Nottingham Forest","<img style=margin:3px 0;margin-right:6px;padding:0 height=86 src=https://encrypted-tbn0.gstatic.com/images?q=tbn:ANd9GcQlW7CESJnyf_yJIMWYkbZbrKIwvaUM4t9_SXOfj2lXOYi4d_mpX2jAYlQ  width=20 height=20>"
"222","Odense Boldklub","<img style=margin:3px 0;margin-right:6px;padding:0 height=84 src=https://encrypted-tbn0.gstatic.com/images?q=tbn:ANd9GcQukWB7EBAaUQnMJLqfiOkDuDy3Ikp3sUuC2_NQADgofWArZoveMOpHag  width=20 height=20>"
"223","OFI","<img style=margin:3px 0;margin-right:6px;padding:0 height=86 src=https://encrypted-tbn0.gstatic.com/images?q=tbn:ANd9GcR1abH3_JawTeVXiJKaSS9u3lM0E4WxpoDnAQ-NI8xy-8knyHko1QwFWAY  width=20 height=20>"
"224","Olympiakos","<img style=margin:3px 0;margin-right:6px;padding:0 height=87 src=https://encrypted-tbn0.gstatic.com/images?q=tbn:ANd9GcRHlOp9cAR5G_U0dG3l1tW4xu8Gvg5Pcf95Oxqpge4ZFRS_0qcrNcNoKq0  width=20 height=20>"
"225","Oxford United","<img style=margin:3px 0;margin-right:6px;padding:0 height=88 src=https://encrypted-tbn0.gstatic.com/images?q=tbn:ANd9GcR755s7HPhrmaSb2JEXozg3LjyMo5jNlMZxGXnmBuli1mCnDIwOdvZqDT4  width=20 height=20>"
"226","Padova","<img style=margin:3px 0;margin-right:6px;padding:0 height=90 src=https://encrypted-tbn0.gstatic.com/images?q=tbn:ANd9GcSNRYYy2gDglUBHnz1LBGqN5hhA6u-ZKitJ5TeRxTp82Tr_6agPrfVJFg  width=20 height=20>"
"227","Palermo","<img style=margin:3px 0;margin-right:6px;padding:0 height=86 src=https://encrypted-tbn0.gstatic.com/images?q=tbn:ANd9GcTcz7YPs3mGYFnvJUUP4Ug4SOF07Z_O8vlKV6zESpivbS_m3UGcegjnJyY  width=20 height=20>"
"228","Panathinaikos","<img style=margin:3px 0;margin-right:6px;padding:0 height=85 src=https://encrypted-tbn0.gstatic.com/images?q=tbn:ANd9GcRg-3HaTkyyTtd-cR7-aIeew-7O3r21CzvM-c_jN3jMX_MGQwBXu_VYCO0  width=20 height=20>"
"229","Panetolikos","<img style=margin:3px 0;margin-right:6px;padding:0 height=86 src=https://encrypted-tbn0.gstatic.com/images?q=tbn:ANd9GcRLWmz_krqL-YjK75naHKsfK51MPadLYo8-RkWIXzFQMkY61alk9AE2neo  width=20 height=20>"
"230","Panionios","<img style=margin:3px 0;margin-right:6px;padding:0 height=85 src=https://encrypted-tbn0.gstatic.com/images?q=tbn:ANd9GcRZbqOjBlQvjOzu1JV4AGkDj7sBK4JeFWBnj2iAwG-FvGoZoWXEragfbg  width=20 height=20>"
"231","PAOK Salonika","<img style=margin:3px 0;margin-right:6px;padding:0 height=86 src=https://encrypted-tbn0.gstatic.com/images?q=tbn:ANd9GcRCnlySgCmhd8SrDgSnmP3LGCcS95FwRzodULHnwqsFDCQYUvcBgGW2Lg  width=20 height=20>"
"232","Paris Saint-Germain","<img style=margin:3px 0;margin-right:6px;padding:0 height=84 src=https://encrypted-tbn0.gstatic.com/images?q=tbn:ANd9GcST3e1V7uIDSvmXjy-4fUHyNUgmFpt30NQ5Kd2jLd9S8OZHl0UHV9vszw  width=20 height=20>"
"233","Parma","<img style=margin:3px 0;margin-right:6px;padding:0 height=90 src=https://encrypted-tbn0.gstatic.com/images?q=tbn:ANd9GcSrjsTp7Gue53L9MYXMcpfpQKuXmoQH1N7qiORvcd9ZlCvEiKwr3mVRAA  width=20 height=20>"
"234","PAS Giannina","<img style=margin:3px 0;margin-right:6px;padding:0 height=86 src=https://encrypted-tbn0.gstatic.com/images?q=tbn:ANd9GcTUilfXUr12VIt7aW4HVR4cIifJZoH9CpgIMJ4clGns2VbM1nDez8IINhU  width=20 height=20>"
"235","PEC Zwolle","<img style=margin:3px 0;margin-right:6px;padding:0 height=84 src=https://encrypted-tbn0.gstatic.com/images?q=tbn:ANd9GcRIJLo_qviZR-J7mKpnTspqg3t4XL_B3VZuhrA5XED2HuYNjqyRzRBHpw  width=20 height=20>"
"236","Perth Glory","<img style=margin:3px 0;margin-right:6px;padding:0 height=86 src=https://encrypted-tbn0.gstatic.com/images?q=tbn:ANd9GcRWeLS-V0dj0NM7rwu7hgRZIw_njeliuMM8plnDLvFkjdjbgmd6RV4jkg  width=20 height=20>"
"237","Perugia","<img style=margin:3px 0;margin-right:6px;padding:0 height=86 src=https://encrypted-tbn0.gstatic.com/images?q=tbn:ANd9GcS296PWH11UgnY2PLk2sIabdy3mq_XEkY1qxX6X5NNF2xWy78I944T6Gx0  width=20 height=20>"
"238","Pescara","<img style=margin:3px 0;margin-right:6px;padding:0 height=86 src=https://encrypted-tbn0.gstatic.com/images?q=tbn:ANd9GcQzTGvQdzU3vFp8n0jMx6x_Adam2XfdMU5g-1fvs1d53-QkFMyC0czJiQ  width=20 height=20>"
"239","Peterborough United","<img style=margin:3px 0;margin-right:6px;padding:0 height=86 src=https://encrypted-tbn0.gstatic.com/images?q=tbn:ANd9GcQYCUJYS8SPkWD-e_aLAkdb45nUUHT_k5fnS1ezUB6fXF-QgXpsoighhg  width=20 height=20>"
"240","Piast Gliwice","<img style=margin:3px 0;margin-right:6px;padding:0 height=88 src=https://encrypted-tbn0.gstatic.com/images?q=tbn:ANd9GcTD-nQFt875KQ-Ft-juHsW8rfpUXHtxP-TonzWW4SRWxYjLZ7-7qFP3Aw  width=20 height=20>"
"241","Plymouth Argyle","<img style=margin:3px 0;margin-right:6px;padding:0 height=88 src=https://encrypted-tbn0.gstatic.com/images?q=tbn:ANd9GcRmOAiUSgv8fohveQEBugfQXq0PjDA8ZjxlJ2WsmYOlsE88zIuoJg7kWA  width=20 height=20>"
"242","Pogon Szczecin","<img style=margin:3px 0;margin-right:6px;padding:0 height=86 src=https://encrypted-tbn0.gstatic.com/images?q=tbn:ANd9GcTytE0X0WwYR5U3vwVqqwJOD3ZG9Xj5iNrSUF_pt0GDHgBE5W6P9nd-sJw  width=20 height=20>"
"243","Portimonense","<img style=margin:3px 0;margin-right:6px;padding:0 height=82 src=https://encrypted-tbn0.gstatic.com/images?q=tbn:ANd9GcTuYoAUdhwVwH00Pv0LEGpYMDh3R4-EfRXuUyzE6l4ni-SnAW7NC0ivow  width=20 height=20>"
"244","Portsmouth","<img style=margin:3px 0;margin-right:6px;padding:0 height=87 src=https://encrypted-tbn0.gstatic.com/images?q=tbn:ANd9GcQQeGbJvFkRwl6lZHewlnlmaytn6lCyaguMY6YgJSI2252PYtQsh1ydBQ  width=20 height=20>"
"245","Preston North End","<img style=margin:3px 0;margin-right:6px;padding:0 height=90 src=https://encrypted-tbn0.gstatic.com/images?q=tbn:ANd9GcTtIqAKmkth6Jq_cBWPuQXgUO0nPWIrxpwkEnWh-nuyYqPzM7BJeMkFWyU  width=20 height=20>"
"246","PSV","<img style=margin:3px 0;margin-right:6px;padding:0 height=78 src=https://encrypted-tbn0.gstatic.com/images?q=tbn:ANd9GcToHu6r3c-0qarCO4BGATDJldRS2Z4RBLF1V-agTX4ZYEqHiU6vEV1dx_Q  width=20 height=20>"
"247","Queens Park Rangers","<img style=margin:3px 0;margin-right:6px;padding:0 height=82 src=https://encrypted-tbn0.gstatic.com/images?q=tbn:ANd9GcTqzy4HSFlbPfJ6cU05-KRFprmozLAkPY8JL0Bz3sr0v_ifkKF3B91UlQ  width=20 height=20>"
"248","Randers FC","<img style=margin:3px 0;margin-right:6px;padding:0 height=89 src=https://encrypted-tbn0.gstatic.com/images?q=tbn:ANd9GcQjwKy647UUp4PAVfNzqMB6H8JuJgZ8nhvBQJzLSR3-9q0DBzf3dQYdqw  width=20 height=20>"
"249","Rangers","<img style=margin:3px 0;margin-right:6px;padding:0 height=84 src=https://encrypted-tbn0.gstatic.com/images?q=tbn:ANd9GcT41waX0mzViUipnwELmJHk36BEMyNRaNJCD1XUBjf0iZNWy_8D559L2Z4  width=20 height=20>"
"250","Rayo Vallecano","<img style=margin:3px 0;margin-right:6px;padding:0 height=81 src=https://encrypted-tbn0.gstatic.com/images?q=tbn:ANd9GcT5U-ePHELCN-xMwRUrZlLLTJPmkQqGm0XfF154UPYT_P0Ulx57s_xOu6Y  width=20 height=20>"
"251","RB Leipzig","<img style=margin:3px 0;margin-right:6px;padding:0 height=68 src=https://encrypted-tbn0.gstatic.com/images?q=tbn:ANd9GcSb_5FLmUC-U3r4NKsYwMDb9vNHGCfVptfACFWto6hCvIMnCxDBiLCJhKY  width=20 height=20>"
"252","Reading","<img style=margin:3px 0;margin-right:6px;padding:0 height=86 src=https://encrypted-tbn0.gstatic.com/images?q=tbn:ANd9GcScXaGTGLzzvxAPpDWZ5hCjtQaUiM1nHrQ8j7nVV0mgmnE_yoKEzsbx2iQ  width=20 height=20>"
"253","Real Betis","<img style=margin:3px 0;margin-right:6px;padding:0 height=86 src=https://encrypted-tbn0.gstatic.com/images?q=tbn:ANd9GcTHt7Kw5rQYVF1AbXMvbWI67Cxsd65_hDZQJJ-jb-BgULb4BOvVB1nMQQ  width=20 height=20>"
"254","Real Madrid","<img style=margin:3px 0;margin-right:6px;padding:0 height=86 src=https://encrypted-tbn0.gstatic.com/images?q=tbn:ANd9GcSQKoFl1jJLUJoLqPwvh63zp4X-9nT320enpJ4U-U3z_tf1OTDde_Dvow  width=20 height=20>"
"255","Real Sociedad","<img style=margin:3px 0;margin-right:6px;padding:0 height=86 src=https://encrypted-tbn0.gstatic.com/images?q=tbn:ANd9GcS0AioKpXvDqneJl5QP9znM7LSu8nEgkhHeyjBGYuB1YoV1wEJEZThjYJs  width=20 height=20>"
"256","Real Valladolid","<img style=margin:3px 0;margin-right:6px;padding:0 height=86 src=https://encrypted-tbn0.gstatic.com/images?q=tbn:ANd9GcQO4_fUSeu9PrpHU0kIf7G8NOyBZCR-fZ9ExTYAefVVMYtDqaxogQxrsA  width=20 height=20>"
"257","Reims","<img style=margin:3px 0;margin-right:6px;padding:0 height=86 src=https://encrypted-tbn0.gstatic.com/images?q=tbn:ANd9GcTaMEjyH6aurVV4mrBZnsDJ60nMawQprM10pbtscL5KSt9_5PJs3R-H1g  width=20 height=20>"
"258","Rennes","<img style=margin:3px 0;margin-right:6px;padding:0 height=76 src=https://encrypted-tbn0.gstatic.com/images?q=tbn:ANd9GcQntOcK6BJ6ByNAlBDykR3Vw0KObdzRtGRqrb3sIIXDrtvOpkw7GqSh9pY  width=20 height=20>"
"259","Rio Ave","<img style=margin:3px 0;margin-right:6px;padding:0 height=90 src=https://encrypted-tbn0.gstatic.com/images?q=tbn:ANd9GcTmrh8YQvBIpbiPfyG5hC6hkL67jrQESxjYCAZq0gjGqzsc5YcNnfiLtw  width=20 height=20>"
"260","Rochdale","<img style=margin:3px 0;margin-right:6px;padding:0 height=81 src=https://encrypted-tbn0.gstatic.com/images?q=tbn:ANd9GcSJigwS4eKUITz5LNiJVPUlGPIvkuivQMLBcUWhzr9SZLsiSNO897DjaaI  width=20 height=20>"
"261","Roma","<img style=margin:3px 0;margin-right:6px;padding:0 height=82 src=https://encrypted-tbn0.gstatic.com/images?q=tbn:ANd9GcSM6aynAprBhzQWEM8TH1Mts7uQnxwq6qhN9KwXpm5s4zaTFULrAkjcuQ  width=20 height=20>"
"262","Rotherham United","<img style=margin:3px 0;margin-right:6px;padding:0 height=86 src=https://encrypted-tbn0.gstatic.com/images?q=tbn:ANd9GcQ4fR4FJXM9G60f3OF1Rk60Y7hHST_-3JkPhpnAUFBWm512-mVQoqaWww  width=20 height=20>"
"263","Royal Antwerp","<img style=margin:3px 0;margin-right:6px;padding:0 height=86 src=https://encrypted-tbn0.gstatic.com/images?q=tbn:ANd9GcQqrcrYcucbDSc4Ug4HXcmb-JPa-etfgWh9DFbVoSO-vEFv8fonR85W1dY  width=20 height=20>"
"264","Royal Excel Mouscron","<img style=margin:3px 0;margin-right:6px;padding:0 height=87 src=https://encrypted-tbn0.gstatic.com/images?q=tbn:ANd9GcQjMm7hqXAI5EmMgzccl7h4dwPWbByvF315XfT9nZnHrAE2A-pqqvrcUNg  width=20 height=20>"
"265","RSC Anderlecht","<img style=margin:3px 0;margin-right:6px;padding:0 height=90 src=https://encrypted-tbn0.gstatic.com/images?q=tbn:ANd9GcQC_otIJFr6nsJ7QdN5H3BGq8HAyexcOzJm6pfqhX8QGF5BEr3PZ-FV4g  width=20 height=20>"
"266","RZ Pellets WAC","<img style=margin:3px 0;margin-right:6px;padding:0 height=86 src=https://encrypted-tbn0.gstatic.com/images?q=tbn:ANd9GcQI-wNX5x8sUmNO87NHzReHRNxdSU-EFRvIeGxHDj_RWM2B7Szwb2pPQg  width=20 height=20>"
"267","Sagan Tosu","<img style=margin:3px 0;margin-right:6px;padding:0 height=90 src=https://encrypted-tbn0.gstatic.com/images?q=tbn:ANd9GcRCw2wg5K33mKkSBB1aPDhX0Cgsati-okAY0YqYfylxyGi1YzMpRgDMJw0  width=20 height=20>"
"268","Salernitana","<img style=margin:3px 0;margin-right:6px;padding:0 height=87 src=https://encrypted-tbn0.gstatic.com/images?q=tbn:ANd9GcShahHTZvVluS75GpMxpbKmTaewWLvj-ftBoFkWvym37TFi5BC5avBaaMo  width=20 height=20>"
"269","Sampdoria","<img style=margin:3px 0;margin-right:6px;padding:0 height=85 src=https://encrypted-tbn0.gstatic.com/images?q=tbn:ANd9GcRNOfjPYprUfltgR6_sDxo6J2vKBG3mn5q2_8XQykKObfRSTuHMN1T1BGY  width=20 height=20>"
"270","Sanfrecce Hiroshima","<img style=margin:3px 0;margin-right:6px;padding:0 height=84 src=https://encrypted-tbn0.gstatic.com/images?q=tbn:ANd9GcQ92cYfH6CDvvN-fDzeIZM7Z2RG74fZt0IGn3FTvtd73D6Up5daHAmtyw  width=20 height=20>"
"271","Santa Clara","<img style=margin:3px 0;margin-right:6px;padding:0 height=90 src=https://encrypted-tbn0.gstatic.com/images?q=tbn:ANd9GcQt-YeDQq4OhuZQY9blRuX41gcnPdaXUV8nZjnCIOAsuOyC4PRV1OEnwQ  width=20 height=20>"
"272","Sassuolo","<img style=margin:3px 0;margin-right:6px;padding:0 height=86 src=https://encrypted-tbn0.gstatic.com/images?q=tbn:ANd9GcTxgzSgih-dxOG2mL2R5WDSpQc6fHOqfNpY3Ptuoh23p6WqPaxWydT7cw  width=20 height=20>"
"273","sc Heerenveen","<img style=margin:3px 0;margin-right:6px;padding:0 height=86 src=https://encrypted-tbn0.gstatic.com/images?q=tbn:ANd9GcRea7u6Z-e4CXMXEivX4uIFWteo9g_w0BOTh6N80F0R7jFJ8Zaq6X88x4o  width=20 height=20>"
"274","Scunthorpe United","<img style=margin:3px 0;margin-right:6px;padding:0 height=90 src=https://encrypted-tbn0.gstatic.com/images?q=tbn:ANd9GcSyymxEV9U6Bdu2lS2MPq2guhFXFhG4MoJAfuKdDlFF18aM3NyuHcOsEUM  width=20 height=20>"
"275","Sevilla","<img style=margin:3px 0;margin-right:6px;padding:0 height=86 src=https://encrypted-tbn0.gstatic.com/images?q=tbn:ANd9GcTez8XNgyjfGYNDz5HU-CWfQOH2ffcdjZABfhZwk7H5sexLJBm3AAJg7Zo  width=20 height=20>"
"276","Sheffield United","<img style=margin:3px 0;margin-right:6px;padding:0 height=86 src=https://encrypted-tbn0.gstatic.com/images?q=tbn:ANd9GcRsx-tcxVQ2vKHICqqi3gss6E6QVDQBnKKCmnFneLJVU1sywSFWJQryGWg  width=20 height=20>"
"277","Sheffield Wednesday","<img style=margin:3px 0;margin-right:6px;padding:0 height=87 src=https://encrypted-tbn0.gstatic.com/images?q=tbn:ANd9GcTpSwBKz1SgcRXj0q2RRKMMvhJjzMoc75vI5X5IrR3FaLFted3JzlK2JV4  width=20 height=20>"
"278","Shimizu S-Pulse","<img style=margin:3px 0;margin-right:6px;padding:0 height=87 src=https://encrypted-tbn0.gstatic.com/images?q=tbn:ANd9GcRSPDIG3CZJUIHBgVVqpbjxG4UCFgoCSotkfQ9IwmchzR0PzexC717Ra1w  width=20 height=20>"
"279","Shonan Bellmare","<img style=margin:3px 0;margin-right:6px;padding:0 height=86 src=https://encrypted-tbn0.gstatic.com/images?q=tbn:ANd9GcQCSMcJkgTomSWl5ws5kdeC7lCocmUcSKF3q9IUcM1IKJIaHd2FCGrlAhM  width=20 height=20>"
"280","Shrewsbury Town","<img style=margin:3px 0;margin-right:6px;padding:0 height=86 src=https://encrypted-tbn0.gstatic.com/images?q=tbn:ANd9GcTexsNrDd1ki7Am7q6xoyCInVAnmgbRtsM-Y6i146B4H-4ATtFoXO8l5zY  width=20 height=20>"
"281","Sint-Truidense VV","<img style=margin:3px 0;margin-right:6px;padding:0 height=86 src=https://encrypted-tbn0.gstatic.com/images?q=tbn:ANd9GcSWE9X7ei5xc6O-xXZF2PlOfNS912BYnSVjkF11K6IJvdu-JgSpeUSaiA  width=20 height=20>"
"282","Sion","<img style=margin:3px 0;margin-right:6px;padding:0 height=90 src=https://encrypted-tbn0.gstatic.com/images?q=tbn:ANd9GcRmxgP8aDay7gPoHbr7QLRKE3wtnhoQXmwWNmexDpVO0Xhxdd0sY_IEDeE  width=20 height=20>"
"283","Sivasspor","<img style=margin:3px 0;margin-right:6px;padding:0 height=89 src=https://encrypted-tbn0.gstatic.com/images?q=tbn:ANd9GcSUotgoVw8-wjN5JXhyWt9KWxjS9_2hDvgG15FaN1L0lOtOF6Kwn65oOA  width=20 height=20>"
"284","SK Puntigamer Sturm Graz","<img style=margin:3px 0;margin-right:6px;padding:0 height=90 src=https://encrypted-tbn0.gstatic.com/images?q=tbn:ANd9GcRkYdEybWO13uneTxFBW9wkqJ-PTgYy53Uu0WbY--nBqBvP7-EDHbnMJo4  width=20 height=20>"
"285","SK Rapid Wien","<img style=margin:3px 0;margin-right:6px;padding:0 height=82 src=https://encrypted-tbn0.gstatic.com/images?q=tbn:ANd9GcQyBL8FH8tJs-Atq9KJWujJkMprZLjgSPXf4Sz8FP_rZli6mJnKzLu39w  width=20 height=20>"
"286","SKN St. Pölten","<img style=margin:3px 0;margin-right:6px;padding:0 height=86 src=https://encrypted-tbn0.gstatic.com/images?q=tbn:ANd9GcQtr5Xy6ZWTU98TgY6-ePbon_EKFJhlDib4s30rTzJNAC5b7MaDYz2Y5g  width=20 height=20>"
"287","Slask Wroclaw","<img style=margin:3px 0;margin-right:6px;padding:0 height=90 src=https://encrypted-tbn0.gstatic.com/images?q=tbn:ANd9GcQ33XOa3w4tbBsNggjoKzOcKEL1KEJRM_PndtnAm7ZLnXx3zQeQebhr5N0  width=20 height=20>"
"288","SønderjyskE","<img style=margin:3px 0;margin-right:6px;padding:0 height=90 src=https://encrypted-tbn0.gstatic.com/images?q=tbn:ANd9GcTmG4IIOJ8VUNM4JcKgyWyswYXxsIHx0IvZdGiz157DTI_4HkOlsM2w598  width=20 height=20>"
"289","Southampton","<img style=margin:3px 0;margin-right:6px;padding:0 height=86 src=https://encrypted-tbn0.gstatic.com/images?q=tbn:ANd9GcSpt5geGP_8ea3ovp5DCMHCkGR7T6Z5KC00uLFmYy9PMxB99fdvOoYWfQ  width=20 height=20>"
"290","Southend United","<img style=margin:3px 0;margin-right:6px;padding:0 height=86 src=https://encrypted-tbn0.gstatic.com/images?q=tbn:ANd9GcSjg9Nk0CSIbq8O5oC6UaO1XINL4yWol71Lfduq9ZNbykcAbVlruTxC9KE  width=20 height=20>"
"291","SPAL","<img style=margin:3px 0;margin-right:6px;padding:0 height=86 src=https://encrypted-tbn0.gstatic.com/images?q=tbn:ANd9GcT-GnCJlIomJritGxLHi3cPXdSG1YBRnVf1CJVY7wNaTDq8tcmNQRfBGlg  width=20 height=20>"
"292","Spezia","<img style=margin:3px 0;margin-right:6px;padding:0 height=86 src=https://encrypted-tbn0.gstatic.com/images?q=tbn:ANd9GcSEL18xI7-5SHNb1T4WrxZJQTaGxJHHFI81H22FKU-p5luHfh6mWzY9rw  width=20 height=20>"
"293","Sport-Club Freiburg","<img style=margin:3px 0;margin-right:6px;padding:0 height=87 src=https://encrypted-tbn0.gstatic.com/images?q=tbn:ANd9GcQ6OlqWnTzI5SuV76OsTddO5t7NHZFWjDQFaFOKCr-2x6lX-X_K2BM1yfQ  width=20 height=20>"
"294","Sporting Braga","<img style=margin:3px 0;margin-right:6px;padding:0 height=87 src=https://encrypted-tbn0.gstatic.com/images?q=tbn:ANd9GcTwcsBimUkCuDAxo5xs1ZMZj9ng3a58zNAy1Dxc22Wvy-5oX247usQQIBw  width=20 height=20>"
"295","Sporting CP","<img style=margin:3px 0;margin-right:6px;padding:0 height=87 src=https://encrypted-tbn0.gstatic.com/images?q=tbn:ANd9GcTtq4JhA_aTteF4c7g0u7fDX_WiH2Wi93MED3haZB_qrR8ZMHJvOsKWGA  width=20 height=20>"
"296","Sporting de Charleroi","<img style=margin:3px 0;margin-right:6px;padding:0 height=87 src=https://encrypted-tbn0.gstatic.com/images?q=tbn:ANd9GcTUHVgqd2MInzmshzhpxlZsPvYhMu_A9-u72Pu1m9NuO-d75jlCWmgGUNk  width=20 height=20>"
"297","St Etienne","<img style=margin:3px 0;margin-right:6px;padding:0 height=90 src=https://encrypted-tbn0.gstatic.com/images?q=tbn:ANd9GcS8wU9puyshOVmKf967avcuCPd_G53-Co3Hh_4BpN1V0uNIjSRzBPKDEw  width=20 height=20>"
"298","St. Gallen","<img style=margin:3px 0;margin-right:6px;padding:0 height=86 src=https://encrypted-tbn0.gstatic.com/images?q=tbn:ANd9GcRMshLLLWVGzb9b6ZkCzNOZT2vnLOAIoHrzT9xWagD1qYy1tR3_MY1oTA  width=20 height=20>"
"299","St. Johnstone","<img style=margin:3px 0;margin-right:6px;padding:0 height=88 src=https://encrypted-tbn0.gstatic.com/images?q=tbn:ANd9GcTCaBwd8eX9N8EgKMioaVv43d6nOA7z_E9wB26F8t5p0n-WztOWCwvXFOY  width=20 height=20>"
"300","St. Mirren","<img style=margin:3px 0;margin-right:6px;padding:0 height=85 src=https://encrypted-tbn0.gstatic.com/images?q=tbn:ANd9GcR81hZSyPH-trkosRC7ltyDGSR1ANv4UonubbclsBYeRJflcAgFcKq3vA  width=20 height=20>"
"301","Standard Liège","<img style=margin:3px 0;margin-right:6px;padding:0 height=85 src=https://encrypted-tbn0.gstatic.com/images?q=tbn:ANd9GcSmhBsRSb2cMUzAID-XNSXMQCrKs2wyqAAvxTKhibjHzP0taY4AfGwuTvc  width=20 height=20>"
"302","Stoke City","<img style=margin:3px 0;margin-right:6px;padding:0 height=84 src=https://encrypted-tbn0.gstatic.com/images?q=tbn:ANd9GcTzl1PgdH1Zdw3FRPnDJRaVrSx9TjMwYc0Q5yL1unNav2lXP_IfRxi1LSg  width=20 height=20>"
"303","Strasbourg","<img style=margin:3px 0;margin-right:6px;padding:0 height=84 src=https://encrypted-tbn0.gstatic.com/images?q=tbn:ANd9GcQNJBa7wePgWNvyB3TcbYSrm1Q0R9jltTS3V73iBhZFmnMJPwP_3hJGbW4  width=20 height=20>"
"304","Sunderland","<img style=margin:3px 0;margin-right:6px;padding:0 height=82 src=https://encrypted-tbn0.gstatic.com/images?q=tbn:ANd9GcR9TqKNqj0cA17XSy_5IkqWHsv7UhgjZ2cfQsoxZnjj4MPy4nzv2Aw2aHs  width=20 height=20>"
"305","SV Mattersburg","<img style=margin:3px 0;margin-right:6px;padding:0 height=90 src=https://encrypted-tbn0.gstatic.com/images?q=tbn:ANd9GcTvMdowToTJs7nN0FZX5wbXjwKXWW6PsiOMQtcm-E0SaUbJ8wqyPXN-Rk0  width=20 height=20>"
"306","SV Werder Bremen","<img style=margin:3px 0;margin-right:6px;padding:0 height=90 src=https://encrypted-tbn0.gstatic.com/images?q=tbn:ANd9GcTwAyfzN9AD3ZLPm5zbos0b3idsV4E0xqA9NdHJqSNx5a0qOrtv3TUc_g  width=20 height=20>"
"307","SV Zulte Waregem","<img style=margin:3px 0;margin-right:6px;padding:0 height=86 src=https://encrypted-tbn0.gstatic.com/images?q=tbn:ANd9GcSqU1uSCmnCO5vrMmh7NymZrAvuxjUBEeBd-uXtNW2dkxRKfXicJFIjlg  width=20 height=20>"
"308","Swansea City","<img style=margin:3px 0;margin-right:6px;padding:0 height=86 src=https://encrypted-tbn0.gstatic.com/images?q=tbn:ANd9GcRCD8kU-NBLjkyB_mKkolG-DzW7DceJIBKEvYYkMPNQXO65TEZKg_rBxA  width=20 height=20>"
"309","Sydney FC","<img style=margin:3px 0;margin-right:6px;padding:0 height=85 src=https://encrypted-tbn0.gstatic.com/images?q=tbn:ANd9GcSghiPo1FtDN8CH7BQ0ecX0tx0LJxFumw3M8gQB6ux3mBWdlfJ3L676Fg  width=20 height=20>"
"310","The New Saints","<img style=margin:3px 0;margin-right:6px;padding:0 height=83 src=https://encrypted-tbn0.gstatic.com/images?q=tbn:ANd9GcSLCnrC_CbIAKWR6_PUWpwWzT4MmbLG8oIehtXSw5Z0TjVmTiwNbQ13KQ  width=20 height=20>"
"311","Thun","<img style=margin:3px 0;margin-right:6px;padding:0 height=90 src=https://encrypted-tbn0.gstatic.com/images?q=tbn:ANd9GcTQUzmPdWAQCJXsjmQzRXCDTGvVCAbepyeUsL1bAkg1XSlRgX0XXEvM6Q  width=20 height=20>"
"312","Tondela","<img style=margin:3px 0;margin-right:6px;padding:0 height=90 src=https://encrypted-tbn0.gstatic.com/images?q=tbn:ANd9GcQhsiGT7qynVKNQPaWZt3ZPDV5tsf2PXiEnOjtL0c0I01uYFmB6OGY_yg  width=20 height=20>"
"313","Torino","<img style=margin:3px 0;margin-right:6px;padding:0 height=90 src=https://encrypted-tbn0.gstatic.com/images?q=tbn:ANd9GcS5QKj3Oe6alpEf1YY4NXQQiBLmEAr5L4YcSgxVWrnnHU9mZW3QN3ucnw  width=20 height=20>"
"314","Tottenham Hotspur","<img style=margin:3px 0;margin-right:6px;padding:0 height=89 src=https://encrypted-tbn0.gstatic.com/images?q=tbn:ANd9GcTUpo3es_GsaOvqDKz2CR5tk7dm42vTY0RFMeYN6iH8v7EsmaXGswqFLcg  width=20 height=20>"
"315","Toulouse","<img style=margin:3px 0;margin-right:6px;padding:0 height=81 src=https://encrypted-tbn0.gstatic.com/images?q=tbn:ANd9GcRR-N0bc8nrvZ-7Lrmkmpktkpu19kg3s0uW159-FxItiSEIwg-4MkQMwA  width=20 height=20>"
"316","Trabzonspor","<img style=margin:3px 0;margin-right:6px;padding:0 height=86 src=https://encrypted-tbn0.gstatic.com/images?q=tbn:ANd9GcTk-t3V3HHyeu9YIF5VqUxWDp40mhofBzUtwpHbJA8Eb873lcFsZaUyIg  width=20 height=20>"
"317","TSG 1899 Hoffenheim","<img style=margin:3px 0;margin-right:6px;padding:0 height=87 src=https://encrypted-tbn0.gstatic.com/images?q=tbn:ANd9GcT7RbMpnm72yvKK8zoDAIQSfSxgrduduyGDDfhAwrh3YUA6uxbm3NnZC9s  width=20 height=20>"
"318","TSV Prolactal Hartberg","<img style=margin:3px 0;margin-right:6px;padding:0 height=87 src=https://encrypted-tbn0.gstatic.com/images?q=tbn:ANd9GcQ6IjA6RQdFaIqE4YGEo_H8azXIivVcEsDvOx1K8XymE-VFIBKlwFDdo70  width=20 height=20>"
"319","Udinese","<img style=margin:3px 0;margin-right:6px;padding:0 height=84 src=https://encrypted-tbn0.gstatic.com/images?q=tbn:ANd9GcSfucy2kT7leKqnfMZZ35edpZjUfSqguZ2DXTGNZ-gjoM69M9NUkUFX-Q  width=20 height=20>"
"320","Urawa Red Diamonds","<img style=margin:3px 0;margin-right:6px;padding:0 height=86 src=https://encrypted-tbn0.gstatic.com/images?q=tbn:ANd9GcTof4A9pnY2WADeeqLiT2Xnq5vJL7fNl0-dFwye9U2P_PQtccywQQvP4Q  width=20 height=20>"
"321","V-Varen Nagasaki","<img style=margin:3px 0;margin-right:6px;padding:0 height=86 src=https://encrypted-tbn0.gstatic.com/images?q=tbn:ANd9GcTtquRe6Tr9fPNax8gsu8k3AA5w9cMTpAcQ5oAwxSSrC5SN0lQ83sbhXA  width=20 height=20>"
"322","Valencia CF","<img style=margin:3px 0;margin-right:6px;padding:0 height=86 src=https://encrypted-tbn0.gstatic.com/images?q=tbn:ANd9GcTK7kKI_vqtlqo29RIyZ1vmgOye3wwvteCvfxcjGllboj7Y81GxUpZyoQ  width=20 height=20>"
"323","Vegalta Sendai","<img style=margin:3px 0;margin-right:6px;padding:0 height=86 src=https://encrypted-tbn0.gstatic.com/images?q=tbn:ANd9GcR8Q8GoGRCaDLk-9xtayiJiZ1GXsXtyb_hEQmtcUVIYc40hs6E3rzGAoLk  width=20 height=20>"
"324","Vejle BK","<img style=margin:3px 0;margin-right:6px;padding:0 height=86 src=https://encrypted-tbn0.gstatic.com/images?q=tbn:ANd9GcQWzxt7Vnw_2cl3MFbYjsvskPFCN51Ycx6pkJNX0_4KfOvcRqR_oMOiaIo  width=20 height=20>"
"325","Vendsyssel","<img style=margin:3px 0;margin-right:6px;padding:0 height=90 src=https://encrypted-tbn0.gstatic.com/images?q=tbn:ANd9GcQjmglI6RHeSlw92gc_ucHJ39UU0MF5Wz0dD5YqBnoy4ZVilNNOv3eCE2c  width=20 height=20>"
"326","Venezia","<img style=margin:3px 0;margin-right:6px;padding:0 height=87 src=https://encrypted-tbn0.gstatic.com/images?q=tbn:ANd9GcRkP_BNg329F0eRmXL4jT-Gc81J0OauHRIBYBqjNksbXxJwRrC1_YgV5ms  width=20 height=20>"
"327","Verona","<img style=margin:3px 0;margin-right:6px;padding:0 height=87 src=https://encrypted-tbn0.gstatic.com/images?q=tbn:ANd9GcTRzo1TRMKld4T1_CA-VFaJ5p0valnxLQCGgXegspakgXoImRexaAIMKg  width=20 height=20>"
"328","VfB Stuttgart","<img style=margin:3px 0;margin-right:6px;padding:0 height=86 src=https://encrypted-tbn0.gstatic.com/images?q=tbn:ANd9GcRiG2LLzqKsPQu-jQjRmuEiF7r6x_gL3DBck4Tcujg_j9xj5m4HYwwq4Tc  width=20 height=20>"
"329","VfL Wolfsburg","<img style=margin:3px 0;margin-right:6px;padding:0 height=88 src=https://encrypted-tbn0.gstatic.com/images?q=tbn:ANd9GcQJ4_Ubx98gITSh-Ya84eU1XfXFwZewl1yQDe_lZPGlnt_3fxGIL9D-Xhc  width=20 height=20>"
"330","Villarreal","<img style=margin:3px 0;margin-right:6px;padding:0 height=81 src=https://encrypted-tbn0.gstatic.com/images?q=tbn:ANd9GcRWXupcrWgH5AyICd6qddNelIFfofmQejE_6GWm4-D4KqCZQfC0XaI_8Ak  width=20 height=20>"
"331","Vissel Kobe","<img style=margin:3px 0;margin-right:6px;padding:0 height=86 src=https://encrypted-tbn0.gstatic.com/images?q=tbn:ANd9GcQS5NWOPZMcKZoZHKcWtdIftY8R_7VyvkxKg5yLTRO8pdZBAjRIlto1JTY  width=20 height=20>"
"332","Vitesse","<img style=margin:3px 0;margin-right:6px;padding:0 height=86 src=https://encrypted-tbn0.gstatic.com/images?q=tbn:ANd9GcQDW6XX7K4E45r4OOxDN2BLgVAsP4ZntBvX-az2vlFnWorN0ybHwpf6onI  width=20 height=20>"
"333","Vitória Guimarães","<img style=margin:3px 0;margin-right:6px;padding:0 height=84 src=https://encrypted-tbn0.gstatic.com/images?q=tbn:ANd9GcQRYV_Ck5DnxcXfKVpHt3O7vuP3YamkNY9iHy8GkfySXeBvNsUxgUMtiEo  width=20 height=20>"
"334","Vitória Setúbal","<img style=margin:3px 0;margin-right:6px;padding:0 height=86 src=https://encrypted-tbn0.gstatic.com/images?q=tbn:ANd9GcRHho18GAtDuAmBWdz1cwicZX8O9przS2gfaK3dNOzXf2Oeb_a9BR26nA  width=20 height=20>"
"335","VVV-Venlo","<img style=margin:3px 0;margin-right:6px;padding:0 height=87 src=https://encrypted-tbn0.gstatic.com/images?q=tbn:ANd9GcSx4jWIv8bukOWPdNxQN0rdMVrO8Vvf4tEFRH-jHyWDTRHEj59PUkuF6Q  width=20 height=20>"
"336","Waasland-Beveren","<img style=margin:3px 0;margin-right:6px;padding:0 height=86 src=https://encrypted-tbn0.gstatic.com/images?q=tbn:ANd9GcQoaWxiQnxZvwNkHrswC-Zl-38n4p0EZBp6XgkwFtC1RGz8-77QmdBn_Mg  width=20 height=20>"
"337","Walsall","<img style=margin:3px 0;margin-right:6px;padding:0 height=86 src=https://encrypted-tbn0.gstatic.com/images?q=tbn:ANd9GcQJ8M9GbPJrDXs0h80O-_O_KugOCkdpNOvBe5QtO5PisZGtfaryvaoYnA  width=20 height=20>"
"338","Watford","<img style=margin:3px 0;margin-right:6px;padding:0 height=86 src=https://encrypted-tbn0.gstatic.com/images?q=tbn:ANd9GcQnO1DTum3D7_61b3jjhCX_iBrJj0ecmQ2nGJh4E2FiwbNw1clNS03laUU  width=20 height=20>"
"339","Wellington Phoenix","<img style=margin:3px 0;margin-right:6px;padding:0 height=86 src=https://encrypted-tbn0.gstatic.com/images?q=tbn:ANd9GcTfIApDbMYJ59WcPNS8cP5KfWwnoYtTifdMgD4qxnyc6oWgK1nKAp-QdA  width=20 height=20>"
"340","West Bromwich Albion","<img style=margin:3px 0;margin-right:6px;padding:0 height=86 src=https://encrypted-tbn0.gstatic.com/images?q=tbn:ANd9GcQm6Pvx3K-ANcEwt4k24qb4Cz9T80XaRlDRpew5vsAEAWhpsObVQLOGQw  width=20 height=20>"
"341","West Ham United","<img style=margin:3px 0;margin-right:6px;padding:0 height=85 src=https://encrypted-tbn0.gstatic.com/images?q=tbn:ANd9GcQsdAEGSKkY4w4KFFs8RhmvhBR-akrxBAn1rNNkYFDYrR1sivatNOJyWBI  width=20 height=20>"
"342","Western Sydney Wanderers FC","<img style=margin:3px 0;margin-right:6px;padding:0 height=85 src=https://encrypted-tbn0.gstatic.com/images?q=tbn:ANd9GcQubbO9UZOU1YN5QccnWYWIkr1cE4m62Zsor5lUDubzSLMmB_6D-7CK6g  width=20 height=20>"
"343","Wigan Athletic","<img style=margin:3px 0;margin-right:6px;padding:0 height=82 src=https://encrypted-tbn0.gstatic.com/images?q=tbn:ANd9GcTQVeSOoQwFIJ6ZUJMDY7H3y1sXhM-5Y4BOJsx6vhUagtY4nfzUfjbqV1I  width=20 height=20>"
"344","Willem II","<img style=margin:3px 0;margin-right:6px;padding:0 height=90 src=https://encrypted-tbn0.gstatic.com/images?q=tbn:ANd9GcSXSxeva56aRFcBgqCcioFJ4pZ7bPsA2YZFxYrhGOtmHwQcRODM4T98Wg  width=20 height=20>"
"345","Wisla Kraków","<img style=margin:3px 0;margin-right:6px;padding:0 height=86 src=https://encrypted-tbn0.gstatic.com/images?q=tbn:ANd9GcSoRCu70ppwO6EvOMb1kQjW6PUyBDu2Ot18X93YTkZ95x3FTsCW1HSD5ho  width=20 height=20>"
"346","Wisla Plock","<img style=margin:3px 0;margin-right:6px;padding:0 height=86 src=https://encrypted-tbn0.gstatic.com/images?q=tbn:ANd9GcTOsoKqsZca3cG1v-Hm5BgHejwgSjHcvmRjbgzUMLq60xSVhegwWTFMHoc  width=20 height=20>"
"347","Wolverhampton Wanderers","<img style=margin:3px 0;margin-right:6px;padding:0 height=90 src=https://encrypted-tbn0.gstatic.com/images?q=tbn:ANd9GcSRJGeFoky4XrrAOCTCMFgHkE-MoPUsxcocEMGfJEBkzNR9EgXqy6WC7A  width=20 height=20>"
"348","Wycombe Wanderers","<img style=margin:3px 0;margin-right:6px;padding:0 height=84 src=https://encrypted-tbn0.gstatic.com/images?q=tbn:ANd9GcTpMj9twBQGrIILPe6LCVwUlx-JCYpubQlaLQvXorzdc4Fn-9HIWBlrPk4  width=20 height=20>"
"349","Xanthi","<img style=margin:3px 0;margin-right:6px;padding:0 height=86 src=https://encrypted-tbn0.gstatic.com/images?q=tbn:ANd9GcQelGOG6lZ01IEUw67I4w2G1uwt8a32zQtqavy9AmBvIip9sDzKc2CA6qU  width=20 height=20>"
"350","Yeni Malatyaspor","<img style=margin:3px 0;margin-right:6px;padding:0 height=89 src=https://encrypted-tbn0.gstatic.com/images?q=tbn:ANd9GcSTl3-x_Qe3ZfR9iDsRdTm2vapDef_TRPdSz1JoYILzpg_LP5ho9KnfENQ  width=20 height=20>"
"351","Yokohama F. Marinos","<img style=margin:3px 0;margin-right:6px;padding:0 height=81 src=https://encrypted-tbn0.gstatic.com/images?q=tbn:ANd9GcSLOcFnAAFkgIrSpNoNGlAbL66vzhvYIcPHq6hYb3ILb_DStf6uSolo3w  width=20 height=20>"
"352","Young Boys","<img style=margin:3px 0;margin-right:6px;padding:0 height=85 src=https://encrypted-tbn0.gstatic.com/images?q=tbn:ANd9GcT6C_mnQ-73b2gazkLCmF95o4n0uO4iQNW9GvrhwdkOj5YGBMgfbOXnbA  width=20 height=20>"
"353","Zaglebie Lubin","<img style=margin:3px 0;margin-right:6px;padding:0 height=82 src=https://encrypted-tbn0.gstatic.com/images?q=tbn:ANd9GcRrVwGG3Z_Y2ADzQWbws-vj7toRjssINJFy8TtW-tSTFOJoj-d9ZNOam-I  width=20 height=20>"
"354","Zaglebie Sosnowiec","<img style=margin:3px 0;margin-right:6px;padding:0 height=86 src=https://encrypted-tbn0.gstatic.com/images?q=tbn:ANd9GcT3qLyR7SeS1wsgkbJ3XKOda0nvoUsReiUXn1uyrLHMl5LJk6VDecgd0g  width=20 height=20>"
"355","Zürich","<img style=margin:3px 0;margin-right:6px;padding:0 height=90 src=https://encrypted-tbn0.gstatic.com/images?q=tbn:ANd9GcRcjrDc3ShnG3oDmhtPPZt8EUDT90kzbWbl5ovRDean3GFk-PCu-AwP1A  width=20 height=20>"
